question_id,forecast_source,forecast_version,option,probability,forecast_date
bfg_q1,bioscancast,2026-07-22,"under 2,500",0.09983277006035289,2026-07-22
bfg_q1,bioscancast,2026-07-22,"2,500 to 4,999",0.7758918492054742,2026-07-22
bfg_q1,bioscancast,2026-07-22,"5,000 to 9,999",0.12427529155844869,2026-07-22
bfg_q1,bioscancast,2026-07-22,"10,000 to 19,999",7.276180544233622e-08,2026-07-22
bfg_q1,bioscancast,2026-07-22,"20,000 or more",1.6413918862446665e-08,2026-07-22
bfg_q1,bioscancast_baseline,2026-07-22,"under 2,500",0.1,2026-07-22
bfg_q1,bioscancast_baseline,2026-07-22,"2,500 to 4,999",0.3,2026-07-22
bfg_q1,bioscancast_baseline,2026-07-22,"5,000 to 9,999",0.4,2026-07-22
bfg_q1,bioscancast_baseline,2026-07-22,"10,000 to 19,999",0.15,2026-07-22
bfg_q1,bioscancast_baseline,2026-07-22,"20,000 or more",0.05,2026-07-22
bfg_q10,bioscancast,2026-07-22,0,0.6515927356098208,2026-07-22
bfg_q10,bioscancast,2026-07-22,1,0.3051685947552368,2026-07-22
bfg_q10,bioscancast,2026-07-22,2 or more,0.04323866963494241,2026-07-22
bfg_q10,bioscancast_baseline,2026-07-22,0,0.4,2026-07-22
bfg_q10,bioscancast_baseline,2026-07-22,1,0.3,2026-07-22
bfg_q10,bioscancast_baseline,2026-07-22,2 or more,0.3,2026-07-22
bfg_q11,bioscancast,2026-07-22,"under 200,000",0.13324419549862623,2026-07-22
bfg_q11,bioscancast,2026-07-22,"200,000 to 299,999",0.34775559288743324,2026-07-22
bfg_q11,bioscancast,2026-07-22,"300,000 to 449,999",0.28706591702763046,2026-07-22
bfg_q11,bioscancast,2026-07-22,"450,000 to 649,999",0.16787716668502686,2026-07-22
bfg_q11,bioscancast,2026-07-22,"650,000 or more",0.06405712790128332,2026-07-22
bfg_q11,bioscancast_baseline,2026-07-22,"under 200,000",0.4,2026-07-22
bfg_q11,bioscancast_baseline,2026-07-22,"200,000 to 299,999",0.3,2026-07-22
bfg_q11,bioscancast_baseline,2026-07-22,"300,000 to 449,999",0.2,2026-07-22
bfg_q11,bioscancast_baseline,2026-07-22,"450,000 to 649,999",0.05,2026-07-22
bfg_q11,bioscancast_baseline,2026-07-22,"650,000 or more",0.05,2026-07-22
bfg_q12,bioscancast,2026-07-22,YES,0.09099866707639068,2026-07-22
bfg_q12,bioscancast,2026-07-22,NO,0.9090013329236094,2026-07-22
bfg_q12,bioscancast_baseline,2026-07-22,YES,0.3,2026-07-22
bfg_q12,bioscancast_baseline,2026-07-22,NO,0.7,2026-07-22
bfg_q13,bioscancast,2026-07-22,"under 3,000",0.17681780985304915,2026-07-22
bfg_q13,bioscancast,2026-07-22,"3,000 to 6,999",0.32351521061450933,2026-07-22
bfg_q13,bioscancast,2026-07-22,"7,000 to 11,999",0.2684615057154884,2026-07-22
bfg_q13,bioscancast,2026-07-22,"12,000 to 19,999",0.14913391663717512,2026-07-22
bfg_q13,bioscancast,2026-07-22,"20,000 or more",0.08207155717977803,2026-07-22
bfg_q13,bioscancast_baseline,2026-07-22,"under 3,000",0.4,2026-07-22
bfg_q13,bioscancast_baseline,2026-07-22,"3,000 to 6,999",0.3,2026-07-22
bfg_q13,bioscancast_baseline,2026-07-22,"7,000 to 11,999",0.15,2026-07-22
bfg_q13,bioscancast_baseline,2026-07-22,"12,000 to 19,999",0.1,2026-07-22
bfg_q13,bioscancast_baseline,2026-07-22,"20,000 or more",0.05,2026-07-22
bfg_q14,bioscancast,2026-07-22,"under 3,000",0.8242456679613765,2026-07-22
bfg_q14,bioscancast,2026-07-22,"3,000 to 3,999",0.13925635129215036,2026-07-22
bfg_q14,bioscancast,2026-07-22,"4,000 to 5,499",0.032795151627732375,2026-07-22
bfg_q14,bioscancast,2026-07-22,"5,500 to 7,999",0.003305544149621926,2026-07-22
bfg_q14,bioscancast,2026-07-22,"8,000 or more",0.00039728496911869943,2026-07-22
bfg_q14,bioscancast_baseline,2026-07-22,"under 3,000",0.4,2026-07-22
bfg_q14,bioscancast_baseline,2026-07-22,"3,000 to 3,999",0.3,2026-07-22
bfg_q14,bioscancast_baseline,2026-07-22,"4,000 to 5,499",0.15,2026-07-22
bfg_q14,bioscancast_baseline,2026-07-22,"5,500 to 7,999",0.1,2026-07-22
bfg_q14,bioscancast_baseline,2026-07-22,"8,000 or more",0.05,2026-07-22
bfg_q15,bioscancast,2026-07-22,YES,0.19936771286075058,2026-07-22
bfg_q15,bioscancast,2026-07-22,NO,0.8006322871392494,2026-07-22
bfg_q15,bioscancast_baseline,2026-07-22,YES,0.6,2026-07-22
bfg_q15,bioscancast_baseline,2026-07-22,NO,0.4,2026-07-22
bfg_q16,bioscancast,2026-07-22,0,0.9423727253694767,2026-07-22
bfg_q16,bioscancast,2026-07-22,1,0.041326979413591425,2026-07-22
bfg_q16,bioscancast,2026-07-22,2 to 3,0.014480487146127,2026-07-22
bfg_q16,bioscancast,2026-07-22,4 to 6,0.0015282414459344114,2026-07-22
bfg_q16,bioscancast,2026-07-22,7 or more,0.0002915666248702368,2026-07-22
bfg_q16,bioscancast_baseline,2026-07-22,0,0.6,2026-07-22
bfg_q16,bioscancast_baseline,2026-07-22,1,0.2,2026-07-22
bfg_q16,bioscancast_baseline,2026-07-22,2 to 3,0.1,2026-07-22
bfg_q16,bioscancast_baseline,2026-07-22,4 to 6,0.05,2026-07-22
bfg_q16,bioscancast_baseline,2026-07-22,7 or more,0.05,2026-07-22
bfg_q17,bioscancast,2026-07-22,"under 175,000",0.05181754763102559,2026-07-22
bfg_q17,bioscancast,2026-07-22,"175,000 to 274,999",0.10363509526205118,2026-07-22
bfg_q17,bioscancast,2026-07-22,"275,000 to 399,999",0.2555861232596591,2026-07-22
bfg_q17,bioscancast,2026-07-22,"400,000 to 599,999",0.34219554498755717,2026-07-22
bfg_q17,bioscancast,2026-07-22,"600,000 or more",0.2467656888597069,2026-07-22
bfg_q17,bioscancast_baseline,2026-07-22,"under 175,000",0.25,2026-07-22
bfg_q17,bioscancast_baseline,2026-07-22,"175,000 to 274,999",0.35,2026-07-22
bfg_q17,bioscancast_baseline,2026-07-22,"275,000 to 399,999",0.2,2026-07-22
bfg_q17,bioscancast_baseline,2026-07-22,"400,000 to 599,999",0.15,2026-07-22
bfg_q17,bioscancast_baseline,2026-07-22,"600,000 or more",0.05,2026-07-22
bfg_q18,bioscancast,2026-07-22,under 1.5M,0.07743546860446898,2026-07-22
bfg_q18,bioscancast,2026-07-22,1.5M to 1.99M,0.21363858644227068,2026-07-22
bfg_q18,bioscancast,2026-07-22,2.0M to 2.99M,0.3758352863407321,2026-07-22
bfg_q18,bioscancast,2026-07-22,3.0M to 4.49M,0.1977984333113981,2026-07-22
bfg_q18,bioscancast,2026-07-22,4.5M or more,0.13529222530113016,2026-07-22
bfg_q18,bioscancast_baseline,2026-07-22,under 1.5M,0.25,2026-07-22
bfg_q18,bioscancast_baseline,2026-07-22,1.5M to 1.99M,0.3,2026-07-22
bfg_q18,bioscancast_baseline,2026-07-22,2.0M to 2.99M,0.2,2026-07-22
bfg_q18,bioscancast_baseline,2026-07-22,3.0M to 4.49M,0.15,2026-07-22
bfg_q18,bioscancast_baseline,2026-07-22,4.5M or more,0.1,2026-07-22
bfg_q19,bioscancast,2026-07-22,0,0.4383299113941283,2026-07-22
bfg_q19,bioscancast,2026-07-22,1,0.2483210548987621,2026-07-22
bfg_q19,bioscancast,2026-07-22,2 to 3,0.215792650828602,2026-07-22
bfg_q19,bioscancast,2026-07-22,4 to 5,0.07418847693955966,2026-07-22
bfg_q19,bioscancast,2026-07-22,6 or more,0.02336790593894791,2026-07-22
bfg_q19,bioscancast_baseline,2026-07-22,0,0.4,2026-07-22
bfg_q19,bioscancast_baseline,2026-07-22,1,0.3,2026-07-22
bfg_q19,bioscancast_baseline,2026-07-22,2 to 3,0.2,2026-07-22
bfg_q19,bioscancast_baseline,2026-07-22,4 to 5,0.1,2026-07-22
bfg_q19,bioscancast_baseline,2026-07-22,6 or more,0.0,2026-07-22
bfg_q2,bioscancast,2026-07-22,under 750,0.9496015155105433,2026-07-22
bfg_q2,bioscancast,2026-07-22,"750 to 1,499",0.047051806195891464,2026-07-22
bfg_q2,bioscancast,2026-07-22,"1,500 to 2,999",0.002987603466094478,2026-07-22
bfg_q2,bioscancast,2026-07-22,"3,000 to 4,999",0.00035907248460197394,2026-07-22
bfg_q2,bioscancast,2026-07-22,"5,000 or more",2.342868751337291e-09,2026-07-22
bfg_q2,bioscancast_baseline,2026-07-22,under 750,0.2,2026-07-22
bfg_q2,bioscancast_baseline,2026-07-22,"750 to 1,499",0.3,2026-07-22
bfg_q2,bioscancast_baseline,2026-07-22,"1,500 to 2,999",0.25,2026-07-22
bfg_q2,bioscancast_baseline,2026-07-22,"3,000 to 4,999",0.15,2026-07-22
bfg_q2,bioscancast_baseline,2026-07-22,"5,000 or more",0.1,2026-07-22
bfg_q20,bioscancast,2026-07-22,8 or fewer,0.28180645817251493,2026-07-22
bfg_q20,bioscancast,2026-07-22,9 to 11,0.31525376856471604,2026-07-22
bfg_q20,bioscancast,2026-07-22,12 to 14,0.22366993407724126,2026-07-22
bfg_q20,bioscancast,2026-07-22,15 to 17,0.11723621097524024,2026-07-22
bfg_q20,bioscancast,2026-07-22,18 or more,0.06203362821028741,2026-07-22
bfg_q20,bioscancast_baseline,2026-07-22,8 or fewer,0.25,2026-07-22
bfg_q20,bioscancast_baseline,2026-07-22,9 to 11,0.35,2026-07-22
bfg_q20,bioscancast_baseline,2026-07-22,12 to 14,0.2,2026-07-22
bfg_q20,bioscancast_baseline,2026-07-22,15 to 17,0.1,2026-07-22
bfg_q20,bioscancast_baseline,2026-07-22,18 or more,0.1,2026-07-22
bfg_q21,bioscancast,2026-07-22,YES,0.22306939597028314,2026-07-22
bfg_q21,bioscancast,2026-07-22,NO,0.7769306040297168,2026-07-22
bfg_q21,bioscancast_baseline,2026-07-22,YES,0.3,2026-07-22
bfg_q21,bioscancast_baseline,2026-07-22,NO,0.7,2026-07-22
bfg_q22,bioscancast,2026-07-22,15 or fewer,0.42810355440363906,2026-07-22
bfg_q22,bioscancast,2026-07-22,16 to 30,0.3343046381734782,2026-07-22
bfg_q22,bioscancast,2026-07-22,31 to 50,0.14098172599869682,2026-07-22
bfg_q22,bioscancast,2026-07-22,51 to 79,0.06317961760683813,2026-07-22
bfg_q22,bioscancast,2026-07-22,80 or more,0.03343046381734781,2026-07-22
bfg_q22,bioscancast_baseline,2026-07-22,15 or fewer,0.6,2026-07-22
bfg_q22,bioscancast_baseline,2026-07-22,16 to 30,0.2,2026-07-22
bfg_q22,bioscancast_baseline,2026-07-22,31 to 50,0.1,2026-07-22
bfg_q22,bioscancast_baseline,2026-07-22,51 to 79,0.05,2026-07-22
bfg_q22,bioscancast_baseline,2026-07-22,80 or more,0.05,2026-07-22
bfg_q23,bioscancast,2026-07-22,YES,0.6565701595312607,2026-07-22
bfg_q23,bioscancast,2026-07-22,NO,0.3434298404687392,2026-07-22
bfg_q23,bioscancast_baseline,2026-07-22,YES,0.6,2026-07-22
bfg_q23,bioscancast_baseline,2026-07-22,NO,0.4,2026-07-22
bfg_q24,bioscancast,2026-07-22,"under 250,000",0.15889082887878217,2026-07-22
bfg_q24,bioscancast,2026-07-22,"250,000 to 374,999",0.2860252860451386,2026-07-22
bfg_q24,bioscancast,2026-07-22,"375,000 to 524,999",0.25222346891027797,2026-07-22
bfg_q24,bioscancast,2026-07-22,"525,000 to 749,999",0.16884670087256576,2026-07-22
bfg_q24,bioscancast,2026-07-22,"750,000 or more",0.1340137152932354,2026-07-22
bfg_q24,bioscancast_baseline,2026-07-22,"under 250,000",0.4,2026-07-22
bfg_q24,bioscancast_baseline,2026-07-22,"250,000 to 374,999",0.3,2026-07-22
bfg_q24,bioscancast_baseline,2026-07-22,"375,000 to 524,999",0.15,2026-07-22
bfg_q24,bioscancast_baseline,2026-07-22,"525,000 to 749,999",0.1,2026-07-22
bfg_q24,bioscancast_baseline,2026-07-22,"750,000 or more",0.05,2026-07-22
bfg_q25,bioscancast,2026-07-22,"under 2,000",0.07713899503082301,2026-07-22
bfg_q25,bioscancast,2026-07-22,"2,000 to 2,999",0.23046070565051985,2026-07-22
bfg_q25,bioscancast,2026-07-22,"3,000 to 3,999",0.33783170516920613,2026-07-22
bfg_q25,bioscancast,2026-07-22,"4,000 to 5,499",0.20938744703809287,2026-07-22
bfg_q25,bioscancast,2026-07-22,"5,500 or more",0.14518114711135816,2026-07-22
bfg_q25,bioscancast_baseline,2026-07-22,"under 2,000",0.25,2026-07-22
bfg_q25,bioscancast_baseline,2026-07-22,"2,000 to 2,999",0.35,2026-07-22
bfg_q25,bioscancast_baseline,2026-07-22,"3,000 to 3,999",0.2,2026-07-22
bfg_q25,bioscancast_baseline,2026-07-22,"4,000 to 5,499",0.1,2026-07-22
bfg_q25,bioscancast_baseline,2026-07-22,"5,500 or more",0.1,2026-07-22
bfg_q3,bioscancast,2026-07-22,YES,0.5671690256229078,2026-07-22
bfg_q3,bioscancast,2026-07-22,NO,0.43283097437709217,2026-07-22
bfg_q3,bioscancast_baseline,2026-07-22,YES,0.4,2026-07-22
bfg_q3,bioscancast_baseline,2026-07-22,NO,0.6,2026-07-22
bfg_q4,bioscancast,2026-07-22,exactly 1,0.7858858612560996,2026-07-22
bfg_q4,bioscancast,2026-07-22,2,0.15889040989940773,2026-07-22
bfg_q4,bioscancast,2026-07-22,3,0.044856480107705266,2026-07-22
bfg_q4,bioscancast,2026-07-22,4 or more,0.010367248736787465,2026-07-22
bfg_q4,bioscancast_baseline,2026-07-22,exactly 1,0.25,2026-07-22
bfg_q4,bioscancast_baseline,2026-07-22,2,0.35,2026-07-22
bfg_q4,bioscancast_baseline,2026-07-22,3,0.25,2026-07-22
bfg_q4,bioscancast_baseline,2026-07-22,4 or more,0.15,2026-07-22
bfg_q5,bioscancast,2026-07-22,"trials ongoing, no efficacy results reported",0.3334540135663898,2026-07-22
bfg_q5,bioscancast,2026-07-22,interim efficacy results reported from any BVD vaccine or therapeutic trial,0.4056269333490913,2026-07-22
bfg_q5,bioscancast,2026-07-22,emergency use authorization or WHO emergency use listing granted for any BVD vaccine or therapeutic,0.16829999597052833,2026-07-22
bfg_q5,bioscancast,2026-07-22,vaccine or therapeutic deployed at scale in affected countries beyond the trials,0.0926190571139906,2026-07-22
bfg_q5,bioscancast_baseline,2026-07-22,"trials ongoing, no efficacy results reported",0.4,2026-07-22
bfg_q5,bioscancast_baseline,2026-07-22,interim efficacy results reported from any BVD vaccine or therapeutic trial,0.3,2026-07-22
bfg_q5,bioscancast_baseline,2026-07-22,emergency use authorization or WHO emergency use listing granted for any BVD vaccine or therapeutic,0.2,2026-07-22
bfg_q5,bioscancast_baseline,2026-07-22,vaccine or therapeutic deployed at scale in affected countries beyond the trials,0.1,2026-07-22
bfg_q6,bioscancast,2026-07-22,0 to 4,0.8977550329675407,2026-07-22
bfg_q6,bioscancast,2026-07-22,5 to 14,0.0915258366734664,2026-07-22
bfg_q6,bioscancast,2026-07-22,15 to 29,0.009225226258731246,2026-07-22
bfg_q6,bioscancast,2026-07-22,30 to 59,0.0011671285757120058,2026-07-22
bfg_q6,bioscancast,2026-07-22,60 or more,0.00032677552454963996,2026-07-22
bfg_q6,bioscancast_baseline,2026-07-22,0 to 4,0.5,2026-07-22
bfg_q6,bioscancast_baseline,2026-07-22,5 to 14,0.3,2026-07-22
bfg_q6,bioscancast_baseline,2026-07-22,15 to 29,0.1,2026-07-22
bfg_q6,bioscancast_baseline,2026-07-22,30 to 59,0.05,2026-07-22
bfg_q6,bioscancast_baseline,2026-07-22,60 or more,0.05,2026-07-22
bfg_q7,bioscancast,2026-07-22,YES,0.0302013422818792,2026-07-22
bfg_q7,bioscancast,2026-07-22,NO,0.9697986577181208,2026-07-22
bfg_q7,bioscancast_baseline,2026-07-22,YES,0.3,2026-07-22
bfg_q7,bioscancast_baseline,2026-07-22,NO,0.7,2026-07-22
bfg_q8,bioscancast,2026-07-22,H5N1,0.9803899540278997,2026-07-22
bfg_q8,bioscancast,2026-07-22,H5N5,0.0038396538777188288,2026-07-22
bfg_q8,bioscancast,2026-07-22,Another H5Nx,0.009675321489696851,2026-07-22
bfg_q8,bioscancast,2026-07-22,No human H5 cases reported in the period,0.0060950706046846385,2026-07-22
bfg_q8,bioscancast_baseline,2026-07-22,H5N1,0.6,2026-07-22
bfg_q8,bioscancast_baseline,2026-07-22,H5N5,0.1,2026-07-22
bfg_q8,bioscancast_baseline,2026-07-22,Another H5Nx,0.2,2026-07-22
bfg_q8,bioscancast_baseline,2026-07-22,No human H5 cases reported in the period,0.1,2026-07-22
bfg_q9,bioscancast,2026-07-22,exactly 20,0.08091843702873101,2026-07-22
bfg_q9,bioscancast,2026-07-22,21 to 23,0.1995620264362062,2026-07-22
bfg_q9,bioscancast,2026-07-22,24 to 26,0.39004989006789303,2026-07-22
bfg_q9,bioscancast,2026-07-22,27 or more,0.32946964646716964,2026-07-22
bfg_q9,bioscancast_baseline,2026-07-22,exactly 20,0.15,2026-07-22
bfg_q9,bioscancast_baseline,2026-07-22,21 to 23,0.25,2026-07-22
bfg_q9,bioscancast_baseline,2026-07-22,24 to 26,0.3,2026-07-22
bfg_q9,bioscancast_baseline,2026-07-22,27 or more,0.3,2026-07-22
bfg_q1,bioscancast,2026-08-05,"under 2,500",0.13449458780926724,2026-08-05
bfg_q1,bioscancast,2026-08-05,"2,500 to 4,999",0.22475381310937062,2026-08-05
bfg_q1,bioscancast,2026-08-05,"5,000 to 9,999",0.13449458780926724,2026-08-05
bfg_q1,bioscancast,2026-08-05,"10,000 to 19,999",0.2531285056360474,2026-08-05
bfg_q1,bioscancast,2026-08-05,"20,000 or more",0.2531285056360474,2026-08-05
bfg_q1,bioscancast_baseline,2026-08-05,"under 2,500",0.1,2026-08-05
bfg_q1,bioscancast_baseline,2026-08-05,"2,500 to 4,999",0.3,2026-08-05
bfg_q1,bioscancast_baseline,2026-08-05,"5,000 to 9,999",0.4,2026-08-05
bfg_q1,bioscancast_baseline,2026-08-05,"10,000 to 19,999",0.15,2026-08-05
bfg_q1,bioscancast_baseline,2026-08-05,"20,000 or more",0.05,2026-08-05
bfg_q2,bioscancast,2026-08-05,under 750,8.731365074743918e-14,2026-08-05
bfg_q2,bioscancast,2026-08-05,"750 to 1,499",3.465044526191725e-08,2026-08-05
bfg_q2,bioscancast,2026-08-05,"1,500 to 2,999",0.9186087699314761,2026-08-05
bfg_q2,bioscancast,2026-08-05,"3,000 to 4,999",0.08139114414478359,2026-08-05
bfg_q2,bioscancast,2026-08-05,"5,000 or more",5.127320789152041e-08,2026-08-05
bfg_q2,bioscancast_baseline,2026-08-05,under 750,0.2,2026-08-05
bfg_q2,bioscancast_baseline,2026-08-05,"750 to 1,499",0.3,2026-08-05
bfg_q2,bioscancast_baseline,2026-08-05,"1,500 to 2,999",0.25,2026-08-05
bfg_q2,bioscancast_baseline,2026-08-05,"3,000 to 4,999",0.15,2026-08-05
bfg_q2,bioscancast_baseline,2026-08-05,"5,000 or more",0.1,2026-08-05
bfg_q3,bioscancast,2026-08-05,YES,0.6624878275017536,2026-08-05
bfg_q3,bioscancast,2026-08-05,NO,0.33751217249824644,2026-08-05
bfg_q3,bioscancast_baseline,2026-08-05,YES,0.4,2026-08-05
bfg_q3,bioscancast_baseline,2026-08-05,NO,0.6,2026-08-05
bfg_q4,bioscancast,2026-08-05,exactly 1,0.9201469090254246,2026-08-05
bfg_q4,bioscancast,2026-08-05,2,0.0687163028215658,2026-08-05
bfg_q4,bioscancast,2026-08-05,3,0.00987102303268589,2026-08-05
bfg_q4,bioscancast,2026-08-05,4 or more,0.0012657651203237992,2026-08-05
bfg_q4,bioscancast_baseline,2026-08-05,exactly 1,0.4,2026-08-05
bfg_q4,bioscancast_baseline,2026-08-05,2,0.3,2026-08-05
bfg_q4,bioscancast_baseline,2026-08-05,3,0.2,2026-08-05
bfg_q4,bioscancast_baseline,2026-08-05,4 or more,0.1,2026-08-05
bfg_q5,bioscancast,2026-08-05,"trials ongoing, no efficacy results reported",0.3202107223415554,2026-08-05
bfg_q5,bioscancast,2026-08-05,interim efficacy results reported from any BVD vaccine or therapeutic trial,0.4039746424732755,2026-08-05
bfg_q5,bioscancast,2026-08-05,emergency use authorization or WHO emergency use listing granted for any BVD vaccine or therapeutic,0.17241546489310444,2026-08-05
bfg_q5,bioscancast,2026-08-05,vaccine or therapeutic deployed at scale in affected countries beyond the trials,0.10339917029206476,2026-08-05
bfg_q5,bioscancast_baseline,2026-08-05,"trials ongoing, no efficacy results reported",0.4,2026-08-05
bfg_q5,bioscancast_baseline,2026-08-05,interim efficacy results reported from any BVD vaccine or therapeutic trial,0.3,2026-08-05
bfg_q5,bioscancast_baseline,2026-08-05,emergency use authorization or WHO emergency use listing granted for any BVD vaccine or therapeutic,0.2,2026-08-05
bfg_q5,bioscancast_baseline,2026-08-05,vaccine or therapeutic deployed at scale in affected countries beyond the trials,0.1,2026-08-05
bfg_q6,bioscancast,2026-08-05,0 to 4,0.9882889496572145,2026-08-05
bfg_q6,bioscancast,2026-08-05,5 to 14,0.011498039722496089,2026-08-05
bfg_q6,bioscancast,2026-08-05,15 to 29,0.00018755543186030915,2026-08-05
bfg_q6,bioscancast,2026-08-05,30 to 59,2.545518841648445e-05,2026-08-05
bfg_q6,bioscancast,2026-08-05,60 or more,1.2675000243793347e-14,2026-08-05
bfg_q6,bioscancast_baseline,2026-08-05,0 to 4,0.5,2026-08-05
bfg_q6,bioscancast_baseline,2026-08-05,5 to 14,0.3,2026-08-05
bfg_q6,bioscancast_baseline,2026-08-05,15 to 29,0.15,2026-08-05
bfg_q6,bioscancast_baseline,2026-08-05,30 to 59,0.04,2026-08-05
bfg_q6,bioscancast_baseline,2026-08-05,60 or more,0.01,2026-08-05
bfg_q7,bioscancast,2026-08-05,YES,0.0014212386721458481,2026-08-05
bfg_q7,bioscancast,2026-08-05,NO,0.9985787613278542,2026-08-05
bfg_q7,bioscancast_baseline,2026-08-05,YES,0.3,2026-08-05
bfg_q7,bioscancast_baseline,2026-08-05,NO,0.7,2026-08-05
bfg_q8,bioscancast,2026-08-05,H5N1,0.9998104242128226,2026-08-05
bfg_q8,bioscancast,2026-08-05,H5N5,1.9394256737289788e-05,2026-08-05
bfg_q8,bioscancast,2026-08-05,Another H5Nx,0.0001368802075736872,2026-08-05
bfg_q8,bioscancast,2026-08-05,No human H5 cases reported in the period,3.330132286636723e-05,2026-08-05
bfg_q8,bioscancast_baseline,2026-08-05,H5N1,0.6,2026-08-05
bfg_q8,bioscancast_baseline,2026-08-05,H5N5,0.2,2026-08-05
bfg_q8,bioscancast_baseline,2026-08-05,Another H5Nx,0.15,2026-08-05
bfg_q8,bioscancast_baseline,2026-08-05,No human H5 cases reported in the period,0.05,2026-08-05
bfg_q9,bioscancast,2026-08-05,exactly 20,0.08100000000000002,2026-08-05
bfg_q9,bioscancast,2026-08-05,21 to 23,0.2,2026-08-05
bfg_q9,bioscancast,2026-08-05,24 to 26,0.39,2026-08-05
bfg_q9,bioscancast,2026-08-05,27 or more,0.329,2026-08-05
bfg_q9,bioscancast_baseline,2026-08-05,exactly 20,0.15,2026-08-05
bfg_q9,bioscancast_baseline,2026-08-05,21 to 23,0.25,2026-08-05
bfg_q9,bioscancast_baseline,2026-08-05,24 to 26,0.3,2026-08-05
bfg_q9,bioscancast_baseline,2026-08-05,27 or more,0.3,2026-08-05
bfg_q10,bioscancast,2026-08-05,0,0.8203883495145632,2026-08-05
bfg_q10,bioscancast,2026-08-05,1,0.17475728155339804,2026-08-05
bfg_q10,bioscancast,2026-08-05,2 or more,0.004854368932038836,2026-08-05
bfg_q10,bioscancast_baseline,2026-08-05,0,0.4,2026-08-05
bfg_q10,bioscancast_baseline,2026-08-05,1,0.3,2026-08-05
bfg_q10,bioscancast_baseline,2026-08-05,2 or more,0.3,2026-08-05
bfg_q11,bioscancast,2026-08-05,"under 200,000",0.15070729023742727,2026-08-05
bfg_q11,bioscancast,2026-08-05,"200,000 to 299,999",0.35165034388733024,2026-08-05
bfg_q11,bioscancast,2026-08-05,"300,000 to 449,999",0.2836419798568983,2026-08-05
bfg_q11,bioscancast,2026-08-05,"450,000 to 649,999",0.15070729023742727,2026-08-05
bfg_q11,bioscancast,2026-08-05,"650,000 or more",0.06329309578091691,2026-08-05
bfg_q11,bioscancast_baseline,2026-08-05,"under 200,000",0.4,2026-08-05
bfg_q11,bioscancast_baseline,2026-08-05,"200,000 to 299,999",0.3,2026-08-05
bfg_q11,bioscancast_baseline,2026-08-05,"300,000 to 449,999",0.2,2026-08-05
bfg_q11,bioscancast_baseline,2026-08-05,"450,000 to 649,999",0.05,2026-08-05
bfg_q11,bioscancast_baseline,2026-08-05,"650,000 or more",0.05,2026-08-05
bfg_q12,bioscancast,2026-08-05,YES,0.011294774422672958,2026-08-05
bfg_q12,bioscancast,2026-08-05,NO,0.988705225577327,2026-08-05
bfg_q12,bioscancast_baseline,2026-08-05,YES,0.3,2026-08-05
bfg_q12,bioscancast_baseline,2026-08-05,NO,0.7,2026-08-05
bfg_q13,bioscancast,2026-08-05,"under 3,000",0.177,2026-08-05
bfg_q13,bioscancast,2026-08-05,"3,000 to 6,999",0.324,2026-08-05
bfg_q13,bioscancast,2026-08-05,"7,000 to 11,999",0.268,2026-08-05
bfg_q13,bioscancast,2026-08-05,"12,000 to 19,999",0.14900000000000002,2026-08-05
bfg_q13,bioscancast,2026-08-05,"20,000 or more",0.082,2026-08-05
bfg_q13,bioscancast_baseline,2026-08-05,"under 3,000",0.4,2026-08-05
bfg_q13,bioscancast_baseline,2026-08-05,"3,000 to 6,999",0.3,2026-08-05
bfg_q13,bioscancast_baseline,2026-08-05,"7,000 to 11,999",0.15,2026-08-05
bfg_q13,bioscancast_baseline,2026-08-05,"12,000 to 19,999",0.1,2026-08-05
bfg_q13,bioscancast_baseline,2026-08-05,"20,000 or more",0.05,2026-08-05
bfg_q14,bioscancast,2026-08-05,"under 3,000",0.8803484599984299,2026-08-05
bfg_q14,bioscancast,2026-08-05,"3,000 to 3,999",0.11284356414563662,2026-08-05
bfg_q14,bioscancast,2026-08-05,"4,000 to 5,499",0.0061747129736418405,2026-08-05
bfg_q14,bioscancast,2026-08-05,"5,500 to 7,999",0.0005527799249956731,2026-08-05
bfg_q14,bioscancast,2026-08-05,"8,000 or more",8.048295729576942e-05,2026-08-05
bfg_q14,bioscancast_baseline,2026-08-05,"under 3,000",0.4,2026-08-05
bfg_q14,bioscancast_baseline,2026-08-05,"3,000 to 3,999",0.3,2026-08-05
bfg_q14,bioscancast_baseline,2026-08-05,"4,000 to 5,499",0.15,2026-08-05
bfg_q14,bioscancast_baseline,2026-08-05,"5,500 to 7,999",0.1,2026-08-05
bfg_q14,bioscancast_baseline,2026-08-05,"8,000 or more",0.05,2026-08-05
bfg_q15,bioscancast,2026-08-05,YES,0.13267523511085969,2026-08-05
bfg_q15,bioscancast,2026-08-05,NO,0.8673247648891402,2026-08-05
bfg_q15,bioscancast_baseline,2026-08-05,YES,0.6,2026-08-05
bfg_q15,bioscancast_baseline,2026-08-05,NO,0.4,2026-08-05
bfg_q16,bioscancast,2026-08-05,0,0.9853851875340334,2026-08-05
bfg_q16,bioscancast,2026-08-05,1,0.012981526200294656,2026-08-05
bfg_q16,bioscancast,2026-08-05,2 to 3,0.0015183285151494645,2026-08-05
bfg_q16,bioscancast,2026-08-05,4 to 6,0.0001149577504817642,2026-08-05
bfg_q16,bioscancast,2026-08-05,7 or more,4.072027954780116e-14,2026-08-05
bfg_q16,bioscancast_baseline,2026-08-05,0,0.6,2026-08-05
bfg_q16,bioscancast_baseline,2026-08-05,1,0.2,2026-08-05
bfg_q16,bioscancast_baseline,2026-08-05,2 to 3,0.1,2026-08-05
bfg_q16,bioscancast_baseline,2026-08-05,4 to 6,0.05,2026-08-05
bfg_q16,bioscancast_baseline,2026-08-05,7 or more,0.05,2026-08-05
bfg_q17,bioscancast,2026-08-05,"under 175,000",0.05290579371426083,2026-08-05
bfg_q17,bioscancast,2026-08-05,"175,000 to 274,999",0.12112403115660576,2026-08-05
bfg_q17,bioscancast,2026-08-05,"275,000 to 399,999",0.21691593309343335,2026-08-05
bfg_q17,bioscancast,2026-08-05,"400,000 to 599,999",0.33899827280859424,2026-08-05
bfg_q17,bioscancast,2026-08-05,"600,000 or more",0.2700559692271059,2026-08-05
bfg_q17,bioscancast_baseline,2026-08-05,"under 175,000",0.15,2026-08-05
bfg_q17,bioscancast_baseline,2026-08-05,"175,000 to 274,999",0.25,2026-08-05
bfg_q17,bioscancast_baseline,2026-08-05,"275,000 to 399,999",0.25,2026-08-05
bfg_q17,bioscancast_baseline,2026-08-05,"400,000 to 599,999",0.2,2026-08-05
bfg_q17,bioscancast_baseline,2026-08-05,"600,000 or more",0.15,2026-08-05
bfg_q18,bioscancast,2026-08-05,under 1.5M,0.077,2026-08-05
bfg_q18,bioscancast,2026-08-05,1.5M to 1.99M,0.214,2026-08-05
bfg_q18,bioscancast,2026-08-05,2.0M to 2.99M,0.376,2026-08-05
bfg_q18,bioscancast,2026-08-05,3.0M to 4.49M,0.19799999999999998,2026-08-05
bfg_q18,bioscancast,2026-08-05,4.5M or more,0.135,2026-08-05
bfg_q18,bioscancast_baseline,2026-08-05,under 1.5M,0.25,2026-08-05
bfg_q18,bioscancast_baseline,2026-08-05,1.5M to 1.99M,0.3,2026-08-05
bfg_q18,bioscancast_baseline,2026-08-05,2.0M to 2.99M,0.2,2026-08-05
bfg_q18,bioscancast_baseline,2026-08-05,3.0M to 4.49M,0.15,2026-08-05
bfg_q18,bioscancast_baseline,2026-08-05,4.5M or more,0.1,2026-08-05
bfg_q19,bioscancast,2026-08-05,0,0.2016016057765844,2026-08-05
bfg_q19,bioscancast,2026-08-05,1,0.22222098371937227,2026-08-05
bfg_q19,bioscancast,2026-08-05,2 to 3,0.3830084769424209,2026-08-05
bfg_q19,bioscancast,2026-08-05,4 to 5,0.12261816889651433,2026-08-05
bfg_q19,bioscancast,2026-08-05,6 or more,0.07055076466510797,2026-08-05
bfg_q19,bioscancast_baseline,2026-08-05,0,0.4,2026-08-05
bfg_q19,bioscancast_baseline,2026-08-05,1,0.3,2026-08-05
bfg_q19,bioscancast_baseline,2026-08-05,2 to 3,0.2,2026-08-05
bfg_q19,bioscancast_baseline,2026-08-05,4 to 5,0.1,2026-08-05
bfg_q19,bioscancast_baseline,2026-08-05,6 or more,0.0,2026-08-05
bfg_q20,bioscancast,2026-08-05,8 or fewer,0.28,2026-08-05
bfg_q20,bioscancast,2026-08-05,9 to 11,0.32,2026-08-05
bfg_q20,bioscancast,2026-08-05,12 to 14,0.22,2026-08-05
bfg_q20,bioscancast,2026-08-05,15 to 17,0.12000000000000001,2026-08-05
bfg_q20,bioscancast,2026-08-05,18 or more,0.05999999999999997,2026-08-05
bfg_q20,bioscancast_baseline,2026-08-05,8 or fewer,0.4,2026-08-05
bfg_q20,bioscancast_baseline,2026-08-05,9 to 11,0.3,2026-08-05
bfg_q20,bioscancast_baseline,2026-08-05,12 to 14,0.15,2026-08-05
bfg_q20,bioscancast_baseline,2026-08-05,15 to 17,0.1,2026-08-05
bfg_q20,bioscancast_baseline,2026-08-05,18 or more,0.05,2026-08-05
bfg_q21,bioscancast,2026-08-05,YES,0.17618327637614142,2026-08-05
bfg_q21,bioscancast,2026-08-05,NO,0.8238167236238585,2026-08-05
bfg_q21,bioscancast_baseline,2026-08-05,YES,0.3,2026-08-05
bfg_q21,bioscancast_baseline,2026-08-05,NO,0.7,2026-08-05
bfg_q22,bioscancast,2026-08-05,15 or fewer,0.45177351802325555,2026-08-05
bfg_q22,bioscancast,2026-08-05,16 to 30,0.3170626662814642,2026-08-05
bfg_q22,bioscancast,2026-08-05,31 to 50,0.1297755385689395,2026-08-05
bfg_q22,bioscancast,2026-08-05,51 to 79,0.06567916153961106,2026-08-05
bfg_q22,bioscancast,2026-08-05,80 or more,0.03570911558672973,2026-08-05
bfg_q22,bioscancast_baseline,2026-08-05,15 or fewer,0.6,2026-08-05
bfg_q22,bioscancast_baseline,2026-08-05,16 to 30,0.2,2026-08-05
bfg_q22,bioscancast_baseline,2026-08-05,31 to 50,0.1,2026-08-05
bfg_q22,bioscancast_baseline,2026-08-05,51 to 79,0.05,2026-08-05
bfg_q22,bioscancast_baseline,2026-08-05,80 or more,0.05,2026-08-05
bfg_q23,bioscancast,2026-08-05,YES,0.7494527378408098,2026-08-05
bfg_q23,bioscancast,2026-08-05,NO,0.25054726215919015,2026-08-05
bfg_q23,bioscancast_baseline,2026-08-05,YES,0.6,2026-08-05
bfg_q23,bioscancast_baseline,2026-08-05,NO,0.4,2026-08-05
bfg_q24,bioscancast,2026-08-05,"under 250,000",0.15596966774982118,2026-08-05
bfg_q24,bioscancast,2026-08-05,"250,000 to 374,999",0.28403706104001886,2026-08-05
bfg_q24,bioscancast,2026-08-05,"375,000 to 524,999",0.2513768855373322,2026-08-05
bfg_q24,bioscancast,2026-08-05,"525,000 to 749,999",0.1726209951199981,2026-08-05
bfg_q24,bioscancast,2026-08-05,"750,000 or more",0.13599539055282964,2026-08-05
bfg_q24,bioscancast_baseline,2026-08-05,"under 250,000",0.4,2026-08-05
bfg_q24,bioscancast_baseline,2026-08-05,"250,000 to 374,999",0.3,2026-08-05
bfg_q24,bioscancast_baseline,2026-08-05,"375,000 to 524,999",0.15,2026-08-05
bfg_q24,bioscancast_baseline,2026-08-05,"525,000 to 749,999",0.1,2026-08-05
bfg_q24,bioscancast_baseline,2026-08-05,"750,000 or more",0.05,2026-08-05
bfg_q25,bioscancast,2026-08-05,"under 2,000",0.07488650358087971,2026-08-05
bfg_q25,bioscancast,2026-08-05,"2,000 to 2,999",0.17580059541200171,2026-08-05
bfg_q25,bioscancast,2026-08-05,"3,000 to 3,999",0.3179001252957551,2026-08-05
bfg_q25,bioscancast,2026-08-05,"4,000 to 5,499",0.2506574650674363,2026-08-05
bfg_q25,bioscancast,2026-08-05,"5,500 or more",0.1807553106439271,2026-08-05
bfg_q25,bioscancast_baseline,2026-08-05,"under 2,000",0.25,2026-08-05
bfg_q25,bioscancast_baseline,2026-08-05,"2,000 to 2,999",0.35,2026-08-05
bfg_q25,bioscancast_baseline,2026-08-05,"3,000 to 3,999",0.2,2026-08-05
bfg_q25,bioscancast_baseline,2026-08-05,"4,000 to 5,499",0.1,2026-08-05
bfg_q25,bioscancast_baseline,2026-08-05,"5,500 or more",0.1,2026-08-05
bfg_q1,bioscancast,20260729_rerun,"under 2,500",0.10623165913364467,2026-07-29
bfg_q1,bioscancast,20260729_rerun,"2,500 to 4,999",0.17509326790480623,2026-07-29
bfg_q1,bioscancast,20260729_rerun,"5,000 to 9,999",0.2124633182672894,2026-07-29
bfg_q1,bioscancast,20260729_rerun,"10,000 to 19,999",0.2977886460756808,2026-07-29
bfg_q1,bioscancast,20260729_rerun,"20,000 or more",0.20842310861857885,2026-07-29
bfg_q1,bioscancast_baseline,20260729_rerun,"under 2,500",0.15,2026-07-29
bfg_q1,bioscancast_baseline,20260729_rerun,"2,500 to 4,999",0.25,2026-07-29
bfg_q1,bioscancast_baseline,20260729_rerun,"5,000 to 9,999",0.3,2026-07-29
bfg_q1,bioscancast_baseline,20260729_rerun,"10,000 to 19,999",0.2,2026-07-29
bfg_q1,bioscancast_baseline,20260729_rerun,"20,000 or more",0.1,2026-07-29
bfg_q2,bioscancast,20260729_rerun,under 750,0.0003163802458815884,2026-07-29
bfg_q2,bioscancast,20260729_rerun,"750 to 1,499",0.004982676644464104,2026-07-29
bfg_q2,bioscancast,20260729_rerun,"1,500 to 2,999",0.8847200392636371,2026-07-29
bfg_q2,bioscancast,20260729_rerun,"3,000 to 4,999",0.10734851412045124,2026-07-29
bfg_q2,bioscancast,20260729_rerun,"5,000 or more",0.0026323897255658975,2026-07-29
bfg_q2,bioscancast_baseline,20260729_rerun,under 750,0.2,2026-07-29
bfg_q2,bioscancast_baseline,20260729_rerun,"750 to 1,499",0.3,2026-07-29
bfg_q2,bioscancast_baseline,20260729_rerun,"1,500 to 2,999",0.25,2026-07-29
bfg_q2,bioscancast_baseline,20260729_rerun,"3,000 to 4,999",0.15,2026-07-29
bfg_q2,bioscancast_baseline,20260729_rerun,"5,000 or more",0.1,2026-07-29
bfg_q3,bioscancast,20260729_rerun,YES,0.7904930822044521,2026-07-29
bfg_q3,bioscancast,20260729_rerun,NO,0.20950691779554798,2026-07-29
bfg_q3,bioscancast_baseline,20260729_rerun,YES,0.4,2026-07-29
bfg_q3,bioscancast_baseline,20260729_rerun,NO,0.6,2026-07-29
bfg_q4,bioscancast,20260729_rerun,exactly 1,0.9861344858245656,2026-07-29
bfg_q4,bioscancast,20260729_rerun,2,0.013208583950788446,2026-07-29
bfg_q4,bioscancast,20260729_rerun,3,0.0005255441797166192,2026-07-29
bfg_q4,bioscancast,20260729_rerun,4 or more,0.00013138604492915493,2026-07-29
bfg_q4,bioscancast_baseline,20260729_rerun,exactly 1,0.4,2026-07-29
bfg_q4,bioscancast_baseline,20260729_rerun,2,0.3,2026-07-29
bfg_q4,bioscancast_baseline,20260729_rerun,3,0.2,2026-07-29
bfg_q4,bioscancast_baseline,20260729_rerun,4 or more,0.1,2026-07-29
bfg_q5,bioscancast,20260729_rerun,"trials ongoing, no efficacy results reported",0.31227084165132474,2026-07-29
bfg_q5,bioscancast,20260729_rerun,interim efficacy results reported from any BVD vaccine or therapeutic trial,0.4133902886567664,2026-07-29
bfg_q5,bioscancast,20260729_rerun,emergency use authorization or WHO emergency use listing granted for any BVD vaccine or therapeutic,0.17431861977348373,2026-07-29
bfg_q5,bioscancast,20260729_rerun,vaccine or therapeutic deployed at scale in affected countries beyond the trials,0.10002024991842519,2026-07-29
bfg_q5,bioscancast_baseline,20260729_rerun,"trials ongoing, no efficacy results reported",0.4,2026-07-29
bfg_q5,bioscancast_baseline,20260729_rerun,interim efficacy results reported from any BVD vaccine or therapeutic trial,0.3,2026-07-29
bfg_q5,bioscancast_baseline,20260729_rerun,emergency use authorization or WHO emergency use listing granted for any BVD vaccine or therapeutic,0.2,2026-07-29
bfg_q5,bioscancast_baseline,20260729_rerun,vaccine or therapeutic deployed at scale in affected countries beyond the trials,0.1,2026-07-29
bfg_q6,bioscancast,20260729_rerun,0 to 4,0.9913961659251884,2026-07-29
bfg_q6,bioscancast,20260729_rerun,5 to 14,0.008473130040355645,2026-07-29
bfg_q6,bioscancast,20260729_rerun,15 to 29,0.00011409253307558421,2026-07-29
bfg_q6,bioscancast,20260729_rerun,30 to 59,1.6611501344518404e-05,2026-07-29
bfg_q6,bioscancast,20260729_rerun,60 or more,3.57883947501418e-14,2026-07-29
bfg_q6,bioscancast_baseline,20260729_rerun,0 to 4,0.5,2026-07-29
bfg_q6,bioscancast_baseline,20260729_rerun,5 to 14,0.3,2026-07-29
bfg_q6,bioscancast_baseline,20260729_rerun,15 to 29,0.15,2026-07-29
bfg_q6,bioscancast_baseline,20260729_rerun,30 to 59,0.04,2026-07-29
bfg_q6,bioscancast_baseline,20260729_rerun,60 or more,0.01,2026-07-29
bfg_q7,bioscancast,20260729_rerun,YES,0.0004163197335553706,2026-07-29
bfg_q7,bioscancast,20260729_rerun,NO,0.9995836802664447,2026-07-29
bfg_q7,bioscancast_baseline,20260729_rerun,YES,0.3,2026-07-29
bfg_q7,bioscancast_baseline,20260729_rerun,NO,0.7,2026-07-29
bfg_q8,bioscancast,20260729_rerun,H5N1,0.9998440732259813,2026-07-29
bfg_q8,bioscancast,20260729_rerun,H5N5,2.242918321512735e-05,2026-07-29
bfg_q8,bioscancast,20260729_rerun,Another H5Nx,0.00010410704635839053,2026-07-29
bfg_q8,bioscancast,20260729_rerun,No human H5 cases reported in the period,2.939054444508985e-05,2026-07-29
bfg_q8,bioscancast_baseline,20260729_rerun,H5N1,0.6,2026-07-29
bfg_q8,bioscancast_baseline,20260729_rerun,H5N5,0.1,2026-07-29
bfg_q8,bioscancast_baseline,20260729_rerun,Another H5Nx,0.2,2026-07-29
bfg_q8,bioscancast_baseline,20260729_rerun,No human H5 cases reported in the period,0.1,2026-07-29
bfg_q9,bioscancast,20260729_rerun,exactly 20,0.07999999999999999,2026-07-29
bfg_q9,bioscancast,20260729_rerun,21 to 23,0.2,2026-07-29
bfg_q9,bioscancast,20260729_rerun,24 to 26,0.39,2026-07-29
bfg_q9,bioscancast,20260729_rerun,27 or more,0.33,2026-07-29
bfg_q9,bioscancast_baseline,20260729_rerun,exactly 20,0.15,2026-07-29
bfg_q9,bioscancast_baseline,20260729_rerun,21 to 23,0.25,2026-07-29
bfg_q9,bioscancast_baseline,20260729_rerun,24 to 26,0.35,2026-07-29
bfg_q9,bioscancast_baseline,20260729_rerun,27 or more,0.25,2026-07-29
bfg_q10,bioscancast,20260729_rerun,0,0.9674662397011308,2026-07-29
bfg_q10,bioscancast,20260729_rerun,1,0.03231243184144652,2026-07-29
bfg_q10,bioscancast,20260729_rerun,2 or more,0.00022132845742258968,2026-07-29
bfg_q10,bioscancast_baseline,20260729_rerun,0,0.4,2026-07-29
bfg_q10,bioscancast_baseline,20260729_rerun,1,0.3,2026-07-29
bfg_q10,bioscancast_baseline,20260729_rerun,2 or more,0.3,2026-07-29
bfg_q11,bioscancast,20260729_rerun,"under 200,000",0.15000000000000002,2026-07-29
bfg_q11,bioscancast,20260729_rerun,"200,000 to 299,999",0.35,2026-07-29
bfg_q11,bioscancast,20260729_rerun,"300,000 to 449,999",0.30000000000000004,2026-07-29
bfg_q11,bioscancast,20260729_rerun,"450,000 to 649,999",0.15000000000000002,2026-07-29
bfg_q11,bioscancast,20260729_rerun,"650,000 or more",0.05000000000000002,2026-07-29
bfg_q11,bioscancast_baseline,20260729_rerun,"under 200,000",0.25,2026-07-29
bfg_q11,bioscancast_baseline,20260729_rerun,"200,000 to 299,999",0.35,2026-07-29
bfg_q11,bioscancast_baseline,20260729_rerun,"300,000 to 449,999",0.2,2026-07-29
bfg_q11,bioscancast_baseline,20260729_rerun,"450,000 to 649,999",0.1,2026-07-29
bfg_q11,bioscancast_baseline,20260729_rerun,"650,000 or more",0.1,2026-07-29
bfg_q12,bioscancast,20260729_rerun,YES,0.0038564281288835825,2026-07-29
bfg_q12,bioscancast,20260729_rerun,NO,0.9961435718711164,2026-07-29
bfg_q12,bioscancast_baseline,20260729_rerun,YES,0.3,2026-07-29
bfg_q12,bioscancast_baseline,20260729_rerun,NO,0.7,2026-07-29
bfg_q13,bioscancast,20260729_rerun,"under 3,000",0.17799778684213882,2026-07-29
bfg_q13,bioscancast,20260729_rerun,"3,000 to 6,999",0.32266727604971535,2026-07-29
bfg_q13,bioscancast,20260729_rerun,"7,000 to 11,999",0.26867012287937486,2026-07-29
bfg_q13,bioscancast,20260729_rerun,"12,000 to 19,999",0.14933542943748468,2026-07-29
bfg_q13,bioscancast,20260729_rerun,"20,000 or more",0.08132938479128632,2026-07-29
bfg_q13,bioscancast_baseline,20260729_rerun,"under 3,000",0.25,2026-07-29
bfg_q13,bioscancast_baseline,20260729_rerun,"3,000 to 6,999",0.35,2026-07-29
bfg_q13,bioscancast_baseline,20260729_rerun,"7,000 to 11,999",0.2,2026-07-29
bfg_q13,bioscancast_baseline,20260729_rerun,"12,000 to 19,999",0.1,2026-07-29
bfg_q13,bioscancast_baseline,20260729_rerun,"20,000 or more",0.1,2026-07-29
bfg_q14,bioscancast,20260729_rerun,"under 3,000",0.9634809768016432,2026-07-29
bfg_q14,bioscancast,20260729_rerun,"3,000 to 3,999",0.03517858313602959,2026-07-29
bfg_q14,bioscancast,20260729_rerun,"4,000 to 5,499",0.001246094094040158,2026-07-29
bfg_q14,bioscancast,20260729_rerun,"5,500 to 7,999",9.434596828695343e-05,2026-07-29
bfg_q14,bioscancast,20260729_rerun,"8,000 or more",1.4976488930766828e-18,2026-07-29
bfg_q14,bioscancast_baseline,20260729_rerun,"under 3,000",0.25,2026-07-29
bfg_q14,bioscancast_baseline,20260729_rerun,"3,000 to 3,999",0.35,2026-07-29
bfg_q14,bioscancast_baseline,20260729_rerun,"4,000 to 5,499",0.2,2026-07-29
bfg_q14,bioscancast_baseline,20260729_rerun,"5,500 to 7,999",0.1,2026-07-29
bfg_q14,bioscancast_baseline,20260729_rerun,"8,000 or more",0.1,2026-07-29
bfg_q15,bioscancast,20260729_rerun,YES,0.19936771286075058,2026-07-29
bfg_q15,bioscancast,20260729_rerun,NO,0.8006322871392494,2026-07-29
bfg_q15,bioscancast_baseline,20260729_rerun,YES,0.6,2026-07-29
bfg_q15,bioscancast_baseline,20260729_rerun,NO,0.4,2026-07-29
bfg_q16,bioscancast,20260729_rerun,0,0.9995265289829749,2026-07-29
bfg_q16,bioscancast,20260729_rerun,1,0.0003570027933882246,2026-07-29
bfg_q16,bioscancast,20260729_rerun,2 to 3,9.317457890949696e-05,2026-07-29
bfg_q16,bioscancast,20260729_rerun,4 to 6,2.3293644727374284e-05,2026-07-29
bfg_q16,bioscancast,20260729_rerun,7 or more,1.0811952126072353e-18,2026-07-29
bfg_q16,bioscancast_baseline,20260729_rerun,0,0.6,2026-07-29
bfg_q16,bioscancast_baseline,20260729_rerun,1,0.2,2026-07-29
bfg_q16,bioscancast_baseline,20260729_rerun,2 to 3,0.1,2026-07-29
bfg_q16,bioscancast_baseline,20260729_rerun,4 to 6,0.05,2026-07-29
bfg_q16,bioscancast_baseline,20260729_rerun,7 or more,0.05,2026-07-29
bfg_q17,bioscancast,20260729_rerun,"under 175,000",0.05004741110793095,2026-07-29
bfg_q17,bioscancast,20260729_rerun,"175,000 to 274,999",0.1166800674798702,2026-07-29
bfg_q17,bioscancast,20260729_rerun,"275,000 to 399,999",0.22979473250533247,2026-07-29
bfg_q17,bioscancast,20260729_rerun,"400,000 to 599,999",0.3436267031113846,2026-07-29
bfg_q17,bioscancast,20260729_rerun,"600,000 or more",0.25985108579548183,2026-07-29
bfg_q17,bioscancast_baseline,20260729_rerun,"under 175,000",0.25,2026-07-29
bfg_q17,bioscancast_baseline,20260729_rerun,"175,000 to 274,999",0.3,2026-07-29
bfg_q17,bioscancast_baseline,20260729_rerun,"275,000 to 399,999",0.2,2026-07-29
bfg_q17,bioscancast_baseline,20260729_rerun,"400,000 to 599,999",0.15,2026-07-29
bfg_q17,bioscancast_baseline,20260729_rerun,"600,000 or more",0.1,2026-07-29
bfg_q18,bioscancast,20260729_rerun,under 1.5M,0.13224776065337773,2026-07-29
bfg_q18,bioscancast,20260729_rerun,1.5M to 1.99M,0.26558787002336703,2026-07-29
bfg_q18,bioscancast,20260729_rerun,2.0M to 2.99M,0.3493980540729207,2026-07-29
bfg_q18,bioscancast,20260729_rerun,3.0M to 4.49M,0.16259547203444788,2026-07-29
bfg_q18,bioscancast,20260729_rerun,4.5M or more,0.09017084321588666,2026-07-29
bfg_q18,bioscancast_baseline,20260729_rerun,under 1.5M,0.25,2026-07-29
bfg_q18,bioscancast_baseline,20260729_rerun,1.5M to 1.99M,0.3,2026-07-29
bfg_q18,bioscancast_baseline,20260729_rerun,2.0M to 2.99M,0.2,2026-07-29
bfg_q18,bioscancast_baseline,20260729_rerun,3.0M to 4.49M,0.15,2026-07-29
bfg_q18,bioscancast_baseline,20260729_rerun,4.5M or more,0.1,2026-07-29
bfg_q19,bioscancast,20260729_rerun,0,0.15146409525836774,2026-07-29
bfg_q19,bioscancast,20260729_rerun,1,0.3159200104472024,2026-07-29
bfg_q19,bioscancast,20260729_rerun,2 to 3,0.3534162222695246,2026-07-29
bfg_q19,bioscancast,20260729_rerun,4 to 5,0.11558873805180543,2026-07-29
bfg_q19,bioscancast,20260729_rerun,6 or more,0.06361093397309991,2026-07-29
bfg_q19,bioscancast_baseline,20260729_rerun,0,0.4,2026-07-29
bfg_q19,bioscancast_baseline,20260729_rerun,1,0.3,2026-07-29
bfg_q19,bioscancast_baseline,20260729_rerun,2 to 3,0.2,2026-07-29
bfg_q19,bioscancast_baseline,20260729_rerun,4 to 5,0.1,2026-07-29
bfg_q19,bioscancast_baseline,20260729_rerun,6 or more,0.0,2026-07-29
bfg_q20,bioscancast,20260729_rerun,8 or fewer,0.28,2026-07-29
bfg_q20,bioscancast,20260729_rerun,9 to 11,0.32,2026-07-29
bfg_q20,bioscancast,20260729_rerun,12 to 14,0.22,2026-07-29
bfg_q20,bioscancast,20260729_rerun,15 to 17,0.12000000000000001,2026-07-29
bfg_q20,bioscancast,20260729_rerun,18 or more,0.05999999999999997,2026-07-29
bfg_q20,bioscancast_baseline,20260729_rerun,8 or fewer,0.25,2026-07-29
bfg_q20,bioscancast_baseline,20260729_rerun,9 to 11,0.3,2026-07-29
bfg_q20,bioscancast_baseline,20260729_rerun,12 to 14,0.2,2026-07-29
bfg_q20,bioscancast_baseline,20260729_rerun,15 to 17,0.15,2026-07-29
bfg_q20,bioscancast_baseline,20260729_rerun,18 or more,0.1,2026-07-29
bfg_q21,bioscancast,20260729_rerun,YES,0.1,2026-07-29
bfg_q21,bioscancast,20260729_rerun,NO,0.9,2026-07-29
bfg_q21,bioscancast_baseline,20260729_rerun,YES,0.3,2026-07-29
bfg_q21,bioscancast_baseline,20260729_rerun,NO,0.7,2026-07-29
bfg_q22,bioscancast,20260729_rerun,15 or fewer,0.44284372402293576,2026-07-29
bfg_q22,bioscancast,20260729_rerun,16 to 30,0.2992738868866062,2026-07-29
bfg_q22,bioscancast,20260729_rerun,31 to 50,0.15104869609575738,2026-07-29
bfg_q22,bioscancast,20260729_rerun,51 to 79,0.06741131615563198,2026-07-29
bfg_q22,bioscancast,20260729_rerun,80 or more,0.0394223768390687,2026-07-29
bfg_q22,bioscancast_baseline,20260729_rerun,15 or fewer,0.4,2026-07-29
bfg_q22,bioscancast_baseline,20260729_rerun,16 to 30,0.3,2026-07-29
bfg_q22,bioscancast_baseline,20260729_rerun,31 to 50,0.15,2026-07-29
bfg_q22,bioscancast_baseline,20260729_rerun,51 to 79,0.1,2026-07-29
bfg_q22,bioscancast_baseline,20260729_rerun,80 or more,0.05,2026-07-29
bfg_q23,bioscancast,20260729_rerun,YES,0.879921852289303,2026-07-29
bfg_q23,bioscancast,20260729_rerun,NO,0.12007814771069693,2026-07-29
bfg_q23,bioscancast_baseline,20260729_rerun,YES,0.6,2026-07-29
bfg_q23,bioscancast_baseline,20260729_rerun,NO,0.4,2026-07-29
bfg_q24,bioscancast,20260729_rerun,"under 250,000",0.18573465330668457,2026-07-29
bfg_q24,bioscancast,20260729_rerun,"250,000 to 374,999",0.29598980218045434,2026-07-29
bfg_q24,bioscancast,20260729_rerun,"375,000 to 524,999",0.25128549491082414,2026-07-29
bfg_q24,bioscancast,20260729_rerun,"525,000 to 749,999",0.15646972111615134,2026-07-29
bfg_q24,bioscancast,20260729_rerun,"750,000 or more",0.11052032848588564,2026-07-29
bfg_q24,bioscancast_baseline,20260729_rerun,"under 250,000",0.4,2026-07-29
bfg_q24,bioscancast_baseline,20260729_rerun,"250,000 to 374,999",0.3,2026-07-29
bfg_q24,bioscancast_baseline,20260729_rerun,"375,000 to 524,999",0.15,2026-07-29
bfg_q24,bioscancast_baseline,20260729_rerun,"525,000 to 749,999",0.1,2026-07-29
bfg_q24,bioscancast_baseline,20260729_rerun,"750,000 or more",0.05,2026-07-29
bfg_q25,bioscancast,20260729_rerun,"under 2,000",0.07116510672240876,2026-07-29
bfg_q25,bioscancast,20260729_rerun,"2,000 to 2,999",0.1667177836438649,2026-07-29
bfg_q25,bioscancast,20260729_rerun,"3,000 to 3,999",0.3297393023631938,2026-07-29
bfg_q25,bioscancast,20260729_rerun,"4,000 to 5,499",0.2620345937318108,2026-07-29
bfg_q25,bioscancast,20260729_rerun,"5,500 or more",0.17034321353872175,2026-07-29
bfg_q25,bioscancast_baseline,20260729_rerun,"under 2,000",0.25,2026-07-29
bfg_q25,bioscancast_baseline,20260729_rerun,"2,000 to 2,999",0.3,2026-07-29
bfg_q25,bioscancast_baseline,20260729_rerun,"3,000 to 3,999",0.2,2026-07-29
bfg_q25,bioscancast_baseline,20260729_rerun,"4,000 to 5,499",0.15,2026-07-29
bfg_q25,bioscancast_baseline,20260729_rerun,"5,500 or more",0.1,2026-07-29
bfg_q1,bioscancast,2026-08-11,"under 2,500",0.11939650272869769,2026-08-11
bfg_q1,bioscancast,2026-08-11,"2,500 to 4,999",0.17779204787028088,2026-08-11
bfg_q1,bioscancast,2026-08-11,"5,000 to 9,999",0.2707949342962455,2026-08-11
bfg_q1,bioscancast,2026-08-11,"10,000 to 19,999",0.2674946308790723,2026-08-11
bfg_q1,bioscancast,2026-08-11,"20,000 or more",0.16452188422570374,2026-08-11
bfg_q1,bioscancast_baseline,2026-08-11,"under 2,500",0.25,2026-08-11
bfg_q1,bioscancast_baseline,2026-08-11,"2,500 to 4,999",0.35,2026-08-11
bfg_q1,bioscancast_baseline,2026-08-11,"5,000 to 9,999",0.2,2026-08-11
bfg_q1,bioscancast_baseline,2026-08-11,"10,000 to 19,999",0.1,2026-08-11
bfg_q1,bioscancast_baseline,2026-08-11,"20,000 or more",0.1,2026-08-11
bfg_q2,bioscancast,2026-08-11,under 750,6.58126458544953e-10,2026-08-11
bfg_q2,bioscancast,2026-08-11,"750 to 1,499",1.6011432238007115e-08,2026-08-11
bfg_q2,bioscancast,2026-08-11,"1,500 to 2,999",0.9790190670209812,2026-08-11
bfg_q2,bioscancast,2026-08-11,"3,000 to 4,999",0.02098091162335801,2026-08-11
bfg_q2,bioscancast,2026-08-11,"5,000 or more",4.686102153453271e-09,2026-08-11
bfg_q2,bioscancast_baseline,2026-08-11,under 750,0.2,2026-08-11
bfg_q2,bioscancast_baseline,2026-08-11,"750 to 1,499",0.3,2026-08-11
bfg_q2,bioscancast_baseline,2026-08-11,"1,500 to 2,999",0.25,2026-08-11
bfg_q2,bioscancast_baseline,2026-08-11,"3,000 to 4,999",0.15,2026-08-11
bfg_q2,bioscancast_baseline,2026-08-11,"5,000 or more",0.1,2026-08-11
bfg_q3,bioscancast,2026-08-11,YES,0.60173338701339,2026-08-11
bfg_q3,bioscancast,2026-08-11,NO,0.39826661298661,2026-08-11
bfg_q3,bioscancast_baseline,2026-08-11,YES,0.4,2026-08-11
bfg_q3,bioscancast_baseline,2026-08-11,NO,0.6,2026-08-11
bfg_q4,bioscancast,2026-08-11,exactly 1,0.9949323711066445,2026-08-11
bfg_q4,bioscancast,2026-08-11,2,0.004758993873717791,2026-08-11
bfg_q4,bioscancast,2026-08-11,3,0.00018935122348903604,2026-08-11
bfg_q4,bioscancast,2026-08-11,4 or more,0.0001192837961485924,2026-08-11
bfg_q4,bioscancast_baseline,2026-08-11,exactly 1,0.4,2026-08-11
bfg_q4,bioscancast_baseline,2026-08-11,2,0.3,2026-08-11
bfg_q4,bioscancast_baseline,2026-08-11,3,0.2,2026-08-11
bfg_q4,bioscancast_baseline,2026-08-11,4 or more,0.1,2026-08-11
bfg_q5,bioscancast,2026-08-11,"trials ongoing, no efficacy results reported",0.30995401425537433,2026-08-11
bfg_q5,bioscancast,2026-08-11,interim efficacy results reported from any BVD vaccine or therapeutic trial,0.40338607561409723,2026-08-11
bfg_q5,bioscancast,2026-08-11,emergency use authorization or WHO emergency use listing granted for any BVD vaccine or therapeutic,0.17663805212650116,2026-08-11
bfg_q5,bioscancast,2026-08-11,vaccine or therapeutic deployed at scale in affected countries beyond the trials,0.11002185800402725,2026-08-11
bfg_q5,bioscancast_baseline,2026-08-11,"trials ongoing, no efficacy results reported",0.4,2026-08-11
bfg_q5,bioscancast_baseline,2026-08-11,interim efficacy results reported from any BVD vaccine or therapeutic trial,0.3,2026-08-11
bfg_q5,bioscancast_baseline,2026-08-11,emergency use authorization or WHO emergency use listing granted for any BVD vaccine or therapeutic,0.2,2026-08-11
bfg_q5,bioscancast_baseline,2026-08-11,vaccine or therapeutic deployed at scale in affected countries beyond the trials,0.1,2026-08-11
bfg_q6,bioscancast,2026-08-11,0 to 4,0.9993004396057511,2026-08-11
bfg_q6,bioscancast,2026-08-11,5 to 14,0.0006849201820741044,2026-08-11
bfg_q6,bioscancast,2026-08-11,15 to 29,1.4639962959251787e-05,2026-08-11
bfg_q6,bioscancast,2026-08-11,30 to 59,1.413472882817716e-10,2026-08-11
bfg_q6,bioscancast,2026-08-11,60 or more,1.0786816936162404e-10,2026-08-11
bfg_q6,bioscancast_baseline,2026-08-11,0 to 4,0.5,2026-08-11
bfg_q6,bioscancast_baseline,2026-08-11,5 to 14,0.3,2026-08-11
bfg_q6,bioscancast_baseline,2026-08-11,15 to 29,0.1,2026-08-11
bfg_q6,bioscancast_baseline,2026-08-11,30 to 59,0.05,2026-08-11
bfg_q6,bioscancast_baseline,2026-08-11,60 or more,0.05,2026-08-11
bfg_q7,bioscancast,2026-08-11,YES,0.0005492031154648506,2026-08-11
bfg_q7,bioscancast,2026-08-11,NO,0.9994507968845352,2026-08-11
bfg_q7,bioscancast_baseline,2026-08-11,YES,0.3,2026-08-11
bfg_q7,bioscancast_baseline,2026-08-11,NO,0.7,2026-08-11
bfg_q8,bioscancast,2026-08-11,H5N1,0.9997221761030923,2026-08-11
bfg_q8,bioscancast,2026-08-11,H5N5,4.217503909599328e-05,2026-08-11
bfg_q8,bioscancast,2026-08-11,Another H5Nx,0.00016870015638397346,2026-08-11
bfg_q8,bioscancast,2026-08-11,No human H5 cases reported in the period,6.694870142777976e-05,2026-08-11
bfg_q8,bioscancast_baseline,2026-08-11,H5N1,0.6,2026-08-11
bfg_q8,bioscancast_baseline,2026-08-11,H5N5,0.2,2026-08-11
bfg_q8,bioscancast_baseline,2026-08-11,Another H5Nx,0.15,2026-08-11
bfg_q8,bioscancast_baseline,2026-08-11,No human H5 cases reported in the period,0.05,2026-08-11
bfg_q9,bioscancast,2026-08-11,exactly 20,0.07999999999999999,2026-08-11
bfg_q9,bioscancast,2026-08-11,21 to 23,0.2,2026-08-11
bfg_q9,bioscancast,2026-08-11,24 to 26,0.39,2026-08-11
bfg_q9,bioscancast,2026-08-11,27 or more,0.33,2026-08-11
bfg_q9,bioscancast_baseline,2026-08-11,exactly 20,0.15,2026-08-11
bfg_q9,bioscancast_baseline,2026-08-11,21 to 23,0.25,2026-08-11
bfg_q9,bioscancast_baseline,2026-08-11,24 to 26,0.3,2026-08-11
bfg_q9,bioscancast_baseline,2026-08-11,27 or more,0.3,2026-08-11
bfg_q10,bioscancast,2026-08-11,0,0.9756816864040947,2026-08-11
bfg_q10,bioscancast,2026-08-11,1,0.02397802795031421,2026-08-11
bfg_q10,bioscancast,2026-08-11,2 or more,0.0003402856455909889,2026-08-11
bfg_q10,bioscancast_baseline,2026-08-11,0,0.4,2026-08-11
bfg_q10,bioscancast_baseline,2026-08-11,1,0.3,2026-08-11
bfg_q10,bioscancast_baseline,2026-08-11,2 or more,0.3,2026-08-11
bfg_q11,bioscancast,2026-08-11,"under 200,000",0.11619591354014977,2026-08-11
bfg_q11,bioscancast,2026-08-11,"200,000 to 299,999",0.31687689322754364,2026-08-11
bfg_q11,bioscancast,2026-08-11,"300,000 to 449,999",0.3198664744380483,2026-08-11
bfg_q11,bioscancast,2026-08-11,"450,000 to 649,999",0.16721274519372387,2026-08-11
bfg_q11,bioscancast,2026-08-11,"650,000 or more",0.07984797360053447,2026-08-11
bfg_q11,bioscancast_baseline,2026-08-11,"under 200,000",0.25,2026-08-11
bfg_q11,bioscancast_baseline,2026-08-11,"200,000 to 299,999",0.35,2026-08-11
bfg_q11,bioscancast_baseline,2026-08-11,"300,000 to 449,999",0.2,2026-08-11
bfg_q11,bioscancast_baseline,2026-08-11,"450,000 to 649,999",0.1,2026-08-11
bfg_q11,bioscancast_baseline,2026-08-11,"650,000 or more",0.1,2026-08-11
bfg_q12,bioscancast,2026-08-11,YES,0.0019396276126552201,2026-08-11
bfg_q12,bioscancast,2026-08-11,NO,0.9980603723873448,2026-08-11
bfg_q12,bioscancast_baseline,2026-08-11,YES,0.3,2026-08-11
bfg_q12,bioscancast_baseline,2026-08-11,NO,0.7,2026-08-11
bfg_q13,bioscancast,2026-08-11,"under 3,000",0.18003096549192005,2026-08-11
bfg_q13,bioscancast,2026-08-11,"3,000 to 6,999",0.32005504976341337,2026-08-11
bfg_q13,bioscancast,2026-08-11,"7,000 to 11,999",0.26667051373069806,2026-08-11
bfg_q13,bioscancast,2026-08-11,"12,000 to 19,999",0.1500258045766,2026-08-11
bfg_q13,bioscancast,2026-08-11,"20,000 or more",0.08321766643736854,2026-08-11
bfg_q13,bioscancast_baseline,2026-08-11,"under 3,000",0.4,2026-08-11
bfg_q13,bioscancast_baseline,2026-08-11,"3,000 to 6,999",0.3,2026-08-11
bfg_q13,bioscancast_baseline,2026-08-11,"7,000 to 11,999",0.15,2026-08-11
bfg_q13,bioscancast_baseline,2026-08-11,"12,000 to 19,999",0.1,2026-08-11
bfg_q13,bioscancast_baseline,2026-08-11,"20,000 or more",0.05,2026-08-11
bfg_q14,bioscancast,2026-08-11,"under 3,000",0.9898841476141301,2026-08-11
bfg_q14,bioscancast,2026-08-11,"3,000 to 3,999",0.00981181799024547,2026-08-11
bfg_q14,bioscancast,2026-08-11,"4,000 to 5,499",0.0003040337948378567,2026-08-11
bfg_q14,bioscancast,2026-08-11,"5,500 to 7,999",6.007865384430453e-10,2026-08-11
bfg_q14,bioscancast,2026-08-11,"8,000 or more",1.2943553597258662e-18,2026-08-11
bfg_q14,bioscancast_baseline,2026-08-11,"under 3,000",0.4,2026-08-11
bfg_q14,bioscancast_baseline,2026-08-11,"3,000 to 3,999",0.3,2026-08-11
bfg_q14,bioscancast_baseline,2026-08-11,"4,000 to 5,499",0.15,2026-08-11
bfg_q14,bioscancast_baseline,2026-08-11,"5,500 to 7,999",0.1,2026-08-11
bfg_q14,bioscancast_baseline,2026-08-11,"8,000 or more",0.05,2026-08-11
bfg_q15,bioscancast,2026-08-11,YES,0.1,2026-08-11
bfg_q15,bioscancast,2026-08-11,NO,0.9,2026-08-11
bfg_q15,bioscancast_baseline,2026-08-11,YES,0.6,2026-08-11
bfg_q15,bioscancast_baseline,2026-08-11,NO,0.4,2026-08-11
bfg_q16,bioscancast,2026-08-11,0,0.9990231224215571,2026-08-11
bfg_q16,bioscancast,2026-08-11,1,0.0007497985224625335,2026-08-11
bfg_q16,bioscancast,2026-08-11,2 to 3,0.000227079055940297,2026-08-11
bfg_q16,bioscancast,2026-08-11,4 to 6,2.27079055940297e-14,2026-08-11
bfg_q16,bioscancast,2026-08-11,7 or more,1.7329375301361557e-14,2026-08-11
bfg_q16,bioscancast_baseline,2026-08-11,0,0.6,2026-08-11
bfg_q16,bioscancast_baseline,2026-08-11,1,0.2,2026-08-11
bfg_q16,bioscancast_baseline,2026-08-11,2 to 3,0.1,2026-08-11
bfg_q16,bioscancast_baseline,2026-08-11,4 to 6,0.05,2026-08-11
bfg_q16,bioscancast_baseline,2026-08-11,7 or more,0.05,2026-08-11
bfg_q17,bioscancast,2026-08-11,"under 175,000",0.05000000000000001,2026-08-11
bfg_q17,bioscancast,2026-08-11,"175,000 to 274,999",0.12000000000000001,2026-08-11
bfg_q17,bioscancast,2026-08-11,"275,000 to 399,999",0.23000000000000004,2026-08-11
bfg_q17,bioscancast,2026-08-11,"400,000 to 599,999",0.3400000000000001,2026-08-11
bfg_q17,bioscancast,2026-08-11,"600,000 or more",0.26,2026-08-11
bfg_q17,bioscancast_baseline,2026-08-11,"under 175,000",0.15,2026-08-11
bfg_q17,bioscancast_baseline,2026-08-11,"175,000 to 274,999",0.25,2026-08-11
bfg_q17,bioscancast_baseline,2026-08-11,"275,000 to 399,999",0.25,2026-08-11
bfg_q17,bioscancast_baseline,2026-08-11,"400,000 to 599,999",0.2,2026-08-11
bfg_q17,bioscancast_baseline,2026-08-11,"600,000 or more",0.15,2026-08-11
bfg_q18,bioscancast,2026-08-11,under 1.5M,0.1060501911328128,2026-08-11
bfg_q18,bioscancast,2026-08-11,1.5M to 1.99M,0.22273000153683292,2026-08-11
bfg_q18,bioscancast,2026-08-11,2.0M to 2.99M,0.3623198312278722,2026-08-11
bfg_q18,bioscancast,2026-08-11,3.0M to 4.49M,0.1971891190740632,2026-08-11
bfg_q18,bioscancast,2026-08-11,4.5M or more,0.1117108570284189,2026-08-11
bfg_q18,bioscancast_baseline,2026-08-11,under 1.5M,0.25,2026-08-11
bfg_q18,bioscancast_baseline,2026-08-11,1.5M to 1.99M,0.3,2026-08-11
bfg_q18,bioscancast_baseline,2026-08-11,2.0M to 2.99M,0.2,2026-08-11
bfg_q18,bioscancast_baseline,2026-08-11,3.0M to 4.49M,0.15,2026-08-11
bfg_q18,bioscancast_baseline,2026-08-11,4.5M or more,0.1,2026-08-11
bfg_q19,bioscancast,2026-08-11,0,0.2809624609575347,2026-08-11
bfg_q19,bioscancast,2026-08-11,1,0.313475881835248,2026-08-11
bfg_q19,bioscancast,2026-08-11,2 to 3,0.273846406537257,2026-08-11
bfg_q19,bioscancast,2026-08-11,4 to 5,0.09042209117572444,2026-08-11
bfg_q19,bioscancast,2026-08-11,6 or more,0.04129315949423579,2026-08-11
bfg_q19,bioscancast_baseline,2026-08-11,0,0.4,2026-08-11
bfg_q19,bioscancast_baseline,2026-08-11,1,0.3,2026-08-11
bfg_q19,bioscancast_baseline,2026-08-11,2 to 3,0.2,2026-08-11
bfg_q19,bioscancast_baseline,2026-08-11,4 to 5,0.1,2026-08-11
bfg_q19,bioscancast_baseline,2026-08-11,6 or more,0.0,2026-08-11
bfg_q20,bioscancast,2026-08-11,8 or fewer,0.28,2026-08-11
bfg_q20,bioscancast,2026-08-11,9 to 11,0.32,2026-08-11
bfg_q20,bioscancast,2026-08-11,12 to 14,0.22,2026-08-11
bfg_q20,bioscancast,2026-08-11,15 to 17,0.12000000000000001,2026-08-11
bfg_q20,bioscancast,2026-08-11,18 or more,0.05999999999999997,2026-08-11
bfg_q20,bioscancast_baseline,2026-08-11,8 or fewer,0.25,2026-08-11
bfg_q20,bioscancast_baseline,2026-08-11,9 to 11,0.35,2026-08-11
bfg_q20,bioscancast_baseline,2026-08-11,12 to 14,0.2,2026-08-11
bfg_q20,bioscancast_baseline,2026-08-11,15 to 17,0.1,2026-08-11
bfg_q20,bioscancast_baseline,2026-08-11,18 or more,0.1,2026-08-11
bfg_q21,bioscancast,2026-08-11,YES,0.09041370896877515,2026-08-11
bfg_q21,bioscancast,2026-08-11,NO,0.9095862910312248,2026-08-11
bfg_q21,bioscancast_baseline,2026-08-11,YES,0.3,2026-08-11
bfg_q21,bioscancast_baseline,2026-08-11,NO,0.7,2026-08-11
bfg_q22,bioscancast,2026-08-11,15 or fewer,0.979475265660691,2026-08-11
bfg_q22,bioscancast,2026-08-11,16 to 30,0.018588278914906404,2026-08-11
bfg_q22,bioscancast,2026-08-11,31 to 50,0.0016194050544487888,2026-08-11
bfg_q22,bioscancast,2026-08-11,51 to 79,0.0002662530865675596,2026-08-11
bfg_q22,bioscancast,2026-08-11,80 or more,5.0797283386278495e-05,2026-08-11
bfg_q22,bioscancast_baseline,2026-08-11,15 or fewer,0.6,2026-08-11
bfg_q22,bioscancast_baseline,2026-08-11,16 to 30,0.2,2026-08-11
bfg_q22,bioscancast_baseline,2026-08-11,31 to 50,0.1,2026-08-11
bfg_q22,bioscancast_baseline,2026-08-11,51 to 79,0.05,2026-08-11
bfg_q22,bioscancast_baseline,2026-08-11,80 or more,0.05,2026-08-11
bfg_q23,bioscancast,2026-08-11,YES,0.8448275862068965,2026-08-11
bfg_q23,bioscancast,2026-08-11,NO,0.15517241379310345,2026-08-11
bfg_q23,bioscancast_baseline,2026-08-11,YES,0.6,2026-08-11
bfg_q23,bioscancast_baseline,2026-08-11,NO,0.4,2026-08-11
bfg_q24,bioscancast,2026-08-11,"under 250,000",0.18660369487584463,2026-08-11
bfg_q24,bioscancast,2026-08-11,"250,000 to 374,999",0.30027314421802653,2026-08-11
bfg_q24,bioscancast,2026-08-11,"375,000 to 524,999",0.25022762018168876,2026-08-11
bfg_q24,bioscancast,2026-08-11,"525,000 to 749,999",0.15653293079154273,2026-08-11
bfg_q24,bioscancast,2026-08-11,"750,000 or more",0.10636260993289733,2026-08-11
bfg_q24,bioscancast_baseline,2026-08-11,"under 250,000",0.4,2026-08-11
bfg_q24,bioscancast_baseline,2026-08-11,"250,000 to 374,999",0.3,2026-08-11
bfg_q24,bioscancast_baseline,2026-08-11,"375,000 to 524,999",0.15,2026-08-11
bfg_q24,bioscancast_baseline,2026-08-11,"525,000 to 749,999",0.1,2026-08-11
bfg_q24,bioscancast_baseline,2026-08-11,"750,000 or more",0.05,2026-08-11
bfg_q25,bioscancast,2026-08-11,"under 2,000",0.07494278280955319,2026-08-11
bfg_q25,bioscancast,2026-08-11,"2,000 to 2,999",0.17541150851398835,2026-08-11
bfg_q25,bioscancast,2026-08-11,"3,000 to 3,999",0.3261858008679045,2026-08-11
bfg_q25,bioscancast,2026-08-11,"4,000 to 5,499",0.2571501949002421,2026-08-11
bfg_q25,bioscancast,2026-08-11,"5,500 or more",0.16630971290831187,2026-08-11
bfg_q25,bioscancast_baseline,2026-08-11,"under 2,000",0.25,2026-08-11
bfg_q25,bioscancast_baseline,2026-08-11,"2,000 to 2,999",0.35,2026-08-11
bfg_q25,bioscancast_baseline,2026-08-11,"3,000 to 3,999",0.2,2026-08-11
bfg_q25,bioscancast_baseline,2026-08-11,"4,000 to 5,499",0.1,2026-08-11
bfg_q25,bioscancast_baseline,2026-08-11,"5,500 or more",0.1,2026-08-11
bfg_q1,bioscancast,2026-08-19,"under 2,500",0.06436153659942197,2026-08-19
bfg_q1,bioscancast,2026-08-19,"2,500 to 4,999",0.13387739110722074,2026-08-19
bfg_q1,bioscancast,2026-08-19,"5,000 to 9,999",0.2652522546602882,2026-08-19
bfg_q1,bioscancast,2026-08-19,"10,000 to 19,999",0.35085802062338733,2026-08-19
bfg_q1,bioscancast,2026-08-19,"20,000 or more",0.18565079700968176,2026-08-19
bfg_q1,bioscancast_baseline,2026-08-19,"under 2,500",0.25,2026-08-19
bfg_q1,bioscancast_baseline,2026-08-19,"2,500 to 4,999",0.35,2026-08-19
bfg_q1,bioscancast_baseline,2026-08-19,"5,000 to 9,999",0.2,2026-08-19
bfg_q1,bioscancast_baseline,2026-08-19,"10,000 to 19,999",0.1,2026-08-19
bfg_q1,bioscancast_baseline,2026-08-19,"20,000 or more",0.1,2026-08-19
bfg_q2,bioscancast,2026-08-19,under 750,1.3499015536847354e-12,2026-08-19
bfg_q2,bioscancast,2026-08-19,"750 to 1,499",2.142835146372651e-12,2026-08-19
bfg_q2,bioscancast,2026-08-19,"1,500 to 2,999",1.1633098941545317e-06,2026-08-19
bfg_q2,bioscancast,2026-08-19,"3,000 to 4,999",0.9874154627242727,2026-08-19
bfg_q2,bioscancast,2026-08-19,"5,000 or more",0.012583373962340464,2026-08-19
bfg_q2,bioscancast_baseline,2026-08-19,under 750,0.2,2026-08-19
bfg_q2,bioscancast_baseline,2026-08-19,"750 to 1,499",0.3,2026-08-19
bfg_q2,bioscancast_baseline,2026-08-19,"1,500 to 2,999",0.25,2026-08-19
bfg_q2,bioscancast_baseline,2026-08-19,"3,000 to 4,999",0.15,2026-08-19
bfg_q2,bioscancast_baseline,2026-08-19,"5,000 or more",0.1,2026-08-19
bfg_q3,bioscancast,2026-08-19,YES,0.7437256702407233,2026-08-19
bfg_q3,bioscancast,2026-08-19,NO,0.25627432975927666,2026-08-19
bfg_q3,bioscancast_baseline,2026-08-19,YES,0.4,2026-08-19
bfg_q3,bioscancast_baseline,2026-08-19,NO,0.6,2026-08-19
bfg_q4,bioscancast,2026-08-19,exactly 1,0.9970834215558197,2026-08-19
bfg_q4,bioscancast,2026-08-19,2,0.002785197982406241,2026-08-19
bfg_q4,bioscancast,2026-08-19,3,0.0001067161742500698,2026-08-19
bfg_q4,bioscancast,2026-08-19,4 or more,2.4664287523950967e-05,2026-08-19
bfg_q4,bioscancast_baseline,2026-08-19,exactly 1,0.25,2026-08-19
bfg_q4,bioscancast_baseline,2026-08-19,2,0.25,2026-08-19
bfg_q4,bioscancast_baseline,2026-08-19,3,0.25,2026-08-19
bfg_q4,bioscancast_baseline,2026-08-19,4 or more,0.25,2026-08-19
bfg_q5,bioscancast,2026-08-19,"trials ongoing, no efficacy results reported",0.30351411302672743,2026-08-19
bfg_q5,bioscancast,2026-08-19,interim efficacy results reported from any BVD vaccine or therapeutic trial,0.40359468229223994,2026-08-19
bfg_q5,bioscancast,2026-08-19,emergency use authorization or WHO emergency use listing granted for any BVD vaccine or therapeutic,0.18958928694725366,2026-08-19
bfg_q5,bioscancast,2026-08-19,vaccine or therapeutic deployed at scale in affected countries beyond the trials,0.103301917733779,2026-08-19
bfg_q5,bioscancast_baseline,2026-08-19,"trials ongoing, no efficacy results reported",0.4,2026-08-19
bfg_q5,bioscancast_baseline,2026-08-19,interim efficacy results reported from any BVD vaccine or therapeutic trial,0.3,2026-08-19
bfg_q5,bioscancast_baseline,2026-08-19,emergency use authorization or WHO emergency use listing granted for any BVD vaccine or therapeutic,0.2,2026-08-19
bfg_q5,bioscancast_baseline,2026-08-19,vaccine or therapeutic deployed at scale in affected countries beyond the trials,0.1,2026-08-19
bfg_q6,bioscancast,2026-08-19,0 to 4,0.9975958296724653,2026-08-19
bfg_q6,bioscancast,2026-08-19,5 to 14,0.002404166300694557,2026-08-19
bfg_q6,bioscancast,2026-08-19,15 to 29,2.4704933164463983e-09,2026-08-19
bfg_q6,bioscancast,2026-08-19,30 to 59,1.5563132665077045e-09,2026-08-19
bfg_q6,bioscancast,2026-08-19,60 or more,3.3529752899210363e-14,2026-08-19
bfg_q6,bioscancast_baseline,2026-08-19,0 to 4,0.5,2026-08-19
bfg_q6,bioscancast_baseline,2026-08-19,5 to 14,0.3,2026-08-19
bfg_q6,bioscancast_baseline,2026-08-19,15 to 29,0.1,2026-08-19
bfg_q6,bioscancast_baseline,2026-08-19,30 to 59,0.05,2026-08-19
bfg_q6,bioscancast_baseline,2026-08-19,60 or more,0.05,2026-08-19
bfg_q7,bioscancast,2026-08-19,YES,3.491834564977377e-05,2026-08-19
bfg_q7,bioscancast,2026-08-19,NO,0.9999650816543503,2026-08-19
bfg_q7,bioscancast_baseline,2026-08-19,YES,0.3,2026-08-19
bfg_q7,bioscancast_baseline,2026-08-19,NO,0.7,2026-08-19
bfg_q8,bioscancast,2026-08-19,H5N1,0.9996959157414639,2026-08-19
bfg_q8,bioscancast,2026-08-19,H5N5,3.685527404159167e-05,2026-08-19
bfg_q8,bioscancast,2026-08-19,Another H5Nx,0.00015946350945014213,2026-08-19
bfg_q8,bioscancast,2026-08-19,No human H5 cases reported in the period,0.00010776547504431031,2026-08-19
bfg_q8,bioscancast_baseline,2026-08-19,H5N1,0.6,2026-08-19
bfg_q8,bioscancast_baseline,2026-08-19,H5N5,0.2,2026-08-19
bfg_q8,bioscancast_baseline,2026-08-19,Another H5Nx,0.15,2026-08-19
bfg_q8,bioscancast_baseline,2026-08-19,No human H5 cases reported in the period,0.05,2026-08-19
bfg_q9,bioscancast,2026-08-19,exactly 20,0.07999999999999999,2026-08-19
bfg_q9,bioscancast,2026-08-19,21 to 23,0.2,2026-08-19
bfg_q9,bioscancast,2026-08-19,24 to 26,0.39,2026-08-19
bfg_q9,bioscancast,2026-08-19,27 or more,0.33,2026-08-19
bfg_q9,bioscancast_baseline,2026-08-19,exactly 20,0.15,2026-08-19
bfg_q9,bioscancast_baseline,2026-08-19,21 to 23,0.25,2026-08-19
bfg_q9,bioscancast_baseline,2026-08-19,24 to 26,0.3,2026-08-19
bfg_q9,bioscancast_baseline,2026-08-19,27 or more,0.3,2026-08-19
bfg_q10,bioscancast,2026-08-19,0,0.9916148606947214,2026-08-19
bfg_q10,bioscancast,2026-08-19,1,0.008264498434711543,2026-08-19
bfg_q10,bioscancast,2026-08-19,2 or more,0.00012064087056714093,2026-08-19
bfg_q10,bioscancast_baseline,2026-08-19,0,0.4,2026-08-19
bfg_q10,bioscancast_baseline,2026-08-19,1,0.3,2026-08-19
bfg_q10,bioscancast_baseline,2026-08-19,2 or more,0.3,2026-08-19
bfg_q11,bioscancast,2026-08-19,"under 200,000",0.08553290604571093,2026-08-19
bfg_q11,bioscancast,2026-08-19,"200,000 to 299,999",0.2500997344785533,2026-08-19
bfg_q11,bioscancast,2026-08-19,"300,000 to 449,999",0.3859511551684594,2026-08-19
bfg_q11,bioscancast,2026-08-19,"450,000 to 649,999",0.18427505992411744,2026-08-19
bfg_q11,bioscancast,2026-08-19,"650,000 or more",0.09414114438315899,2026-08-19
bfg_q11,bioscancast_baseline,2026-08-19,"under 200,000",0.4,2026-08-19
bfg_q11,bioscancast_baseline,2026-08-19,"200,000 to 299,999",0.3,2026-08-19
bfg_q11,bioscancast_baseline,2026-08-19,"300,000 to 449,999",0.2,2026-08-19
bfg_q11,bioscancast_baseline,2026-08-19,"450,000 to 649,999",0.05,2026-08-19
bfg_q11,bioscancast_baseline,2026-08-19,"650,000 or more",0.05,2026-08-19
bfg_q12,bioscancast,2026-08-19,YES,0.001470816774208583,2026-08-19
bfg_q12,bioscancast,2026-08-19,NO,0.9985291832257914,2026-08-19
bfg_q12,bioscancast_baseline,2026-08-19,YES,0.3,2026-08-19
bfg_q12,bioscancast_baseline,2026-08-19,NO,0.7,2026-08-19
bfg_q13,bioscancast,2026-08-19,"under 3,000",0.1800016769052742,2026-08-19
bfg_q13,bioscancast,2026-08-19,"3,000 to 6,999",0.3226641477086179,2026-08-19
bfg_q13,bioscancast,2026-08-19,"7,000 to 11,999",0.2686675180543757,2026-08-19
bfg_q13,bioscancast,2026-08-19,"12,000 to 19,999",0.14933398159261196,2026-08-19
bfg_q13,bioscancast,2026-08-19,"20,000 or more",0.07933267573912021,2026-08-19
bfg_q13,bioscancast_baseline,2026-08-19,"under 3,000",0.4,2026-08-19
bfg_q13,bioscancast_baseline,2026-08-19,"3,000 to 6,999",0.3,2026-08-19
bfg_q13,bioscancast_baseline,2026-08-19,"7,000 to 11,999",0.15,2026-08-19
bfg_q13,bioscancast_baseline,2026-08-19,"12,000 to 19,999",0.1,2026-08-19
bfg_q13,bioscancast_baseline,2026-08-19,"20,000 or more",0.05,2026-08-19
bfg_q14,bioscancast,2026-08-19,"under 3,000",0.9921493435637119,2026-08-19
bfg_q14,bioscancast,2026-08-19,"3,000 to 3,999",0.00777333492054664,2026-08-19
bfg_q14,bioscancast,2026-08-19,"4,000 to 5,499",7.732151568445366e-05,2026-08-19
bfg_q14,bioscancast,2026-08-19,"5,500 to 7,999",5.697097986082874e-14,2026-08-19
bfg_q14,bioscancast,2026-08-19,"8,000 or more",1.2274025533727733e-18,2026-08-19
bfg_q14,bioscancast_baseline,2026-08-19,"under 3,000",0.4,2026-08-19
bfg_q14,bioscancast_baseline,2026-08-19,"3,000 to 3,999",0.3,2026-08-19
bfg_q14,bioscancast_baseline,2026-08-19,"4,000 to 5,499",0.15,2026-08-19
bfg_q14,bioscancast_baseline,2026-08-19,"5,500 to 7,999",0.1,2026-08-19
bfg_q14,bioscancast_baseline,2026-08-19,"8,000 or more",0.05,2026-08-19
bfg_q15,bioscancast,2026-08-19,YES,0.11365620885782304,2026-08-19
bfg_q15,bioscancast,2026-08-19,NO,0.8863437911421769,2026-08-19
bfg_q15,bioscancast_baseline,2026-08-19,YES,0.6,2026-08-19
bfg_q15,bioscancast_baseline,2026-08-19,NO,0.4,2026-08-19
bfg_q16,bioscancast,2026-08-19,0,0.998702440613627,2026-08-19
bfg_q16,bioscancast,2026-08-19,1,0.0009959359518584654,2026-08-19
bfg_q16,bioscancast,2026-08-19,2 to 3,0.0003016226212106492,2026-08-19
bfg_q16,bioscancast,2026-08-19,4 to 6,7.026443456324795e-10,2026-08-19
bfg_q16,bioscancast,2026-08-19,7 or more,1.1065955020649602e-10,2026-08-19
bfg_q16,bioscancast_baseline,2026-08-19,0,0.6,2026-08-19
bfg_q16,bioscancast_baseline,2026-08-19,1,0.2,2026-08-19
bfg_q16,bioscancast_baseline,2026-08-19,2 to 3,0.1,2026-08-19
bfg_q16,bioscancast_baseline,2026-08-19,4 to 6,0.05,2026-08-19
bfg_q16,bioscancast_baseline,2026-08-19,7 or more,0.05,2026-08-19
bfg_q17,bioscancast,2026-08-19,"under 175,000",0.05000000000000001,2026-08-19
bfg_q17,bioscancast,2026-08-19,"175,000 to 274,999",0.12000000000000001,2026-08-19
bfg_q17,bioscancast,2026-08-19,"275,000 to 399,999",0.23000000000000004,2026-08-19
bfg_q17,bioscancast,2026-08-19,"400,000 to 599,999",0.3400000000000001,2026-08-19
bfg_q17,bioscancast,2026-08-19,"600,000 or more",0.26,2026-08-19
bfg_q17,bioscancast_baseline,2026-08-19,"under 175,000",0.15,2026-08-19
bfg_q17,bioscancast_baseline,2026-08-19,"175,000 to 274,999",0.25,2026-08-19
bfg_q17,bioscancast_baseline,2026-08-19,"275,000 to 399,999",0.25,2026-08-19
bfg_q17,bioscancast_baseline,2026-08-19,"400,000 to 599,999",0.2,2026-08-19
bfg_q17,bioscancast_baseline,2026-08-19,"600,000 or more",0.15,2026-08-19
bfg_q18,bioscancast,2026-08-19,under 1.5M,0.11251883077077258,2026-08-19
bfg_q18,bioscancast,2026-08-19,1.5M to 1.99M,0.22944086794781013,2026-08-19
bfg_q18,bioscancast,2026-08-19,2.0M to 2.99M,0.35573993854972624,2026-08-19
bfg_q18,bioscancast,2026-08-19,3.0M to 4.49M,0.20143266171685778,2026-08-19
bfg_q18,bioscancast,2026-08-19,4.5M or more,0.10086770101483328,2026-08-19
bfg_q18,bioscancast_baseline,2026-08-19,under 1.5M,0.25,2026-08-19
bfg_q18,bioscancast_baseline,2026-08-19,1.5M to 1.99M,0.3,2026-08-19
bfg_q18,bioscancast_baseline,2026-08-19,2.0M to 2.99M,0.2,2026-08-19
bfg_q18,bioscancast_baseline,2026-08-19,3.0M to 4.49M,0.15,2026-08-19
bfg_q18,bioscancast_baseline,2026-08-19,4.5M or more,0.1,2026-08-19
bfg_q19,bioscancast,2026-08-19,0,0.1671615246763366,2026-08-19
bfg_q19,bioscancast,2026-08-19,1,0.28317060780107456,2026-08-19
bfg_q19,bioscancast,2026-08-19,2 to 3,0.3366287984172171,2026-08-19
bfg_q19,bioscancast,2026-08-19,4 to 5,0.13267619005991246,2026-08-19
bfg_q19,bioscancast,2026-08-19,6 or more,0.08036287904545923,2026-08-19
bfg_q19,bioscancast_baseline,2026-08-19,0,0.4,2026-08-19
bfg_q19,bioscancast_baseline,2026-08-19,1,0.3,2026-08-19
bfg_q19,bioscancast_baseline,2026-08-19,2 to 3,0.2,2026-08-19
bfg_q19,bioscancast_baseline,2026-08-19,4 to 5,0.1,2026-08-19
bfg_q19,bioscancast_baseline,2026-08-19,6 or more,0.0,2026-08-19
bfg_q20,bioscancast,2026-08-19,8 or fewer,0.28,2026-08-19
bfg_q20,bioscancast,2026-08-19,9 to 11,0.32,2026-08-19
bfg_q20,bioscancast,2026-08-19,12 to 14,0.22,2026-08-19
bfg_q20,bioscancast,2026-08-19,15 to 17,0.12000000000000001,2026-08-19
bfg_q20,bioscancast,2026-08-19,18 or more,0.05999999999999997,2026-08-19
bfg_q20,bioscancast_baseline,2026-08-19,8 or fewer,0.25,2026-08-19
bfg_q20,bioscancast_baseline,2026-08-19,9 to 11,0.35,2026-08-19
bfg_q20,bioscancast_baseline,2026-08-19,12 to 14,0.2,2026-08-19
bfg_q20,bioscancast_baseline,2026-08-19,15 to 17,0.1,2026-08-19
bfg_q20,bioscancast_baseline,2026-08-19,18 or more,0.1,2026-08-19
bfg_q21,bioscancast,2026-08-19,YES,0.0302013422818792,2026-08-19
bfg_q21,bioscancast,2026-08-19,NO,0.9697986577181208,2026-08-19
bfg_q21,bioscancast_baseline,2026-08-19,YES,0.3,2026-08-19
bfg_q21,bioscancast_baseline,2026-08-19,NO,0.7,2026-08-19
bfg_q22,bioscancast,2026-08-19,15 or fewer,0.9935552630694282,2026-08-19
bfg_q22,bioscancast,2026-08-19,16 to 30,0.005925090610930818,2026-08-19
bfg_q22,bioscancast,2026-08-19,31 to 50,0.0004225928330282616,2026-08-19
bfg_q22,bioscancast,2026-08-19,51 to 79,6.94802364893212e-05,2026-08-19
bfg_q22,bioscancast,2026-08-19,80 or more,2.757325012353703e-05,2026-08-19
bfg_q22,bioscancast_baseline,2026-08-19,15 or fewer,0.6,2026-08-19
bfg_q22,bioscancast_baseline,2026-08-19,16 to 30,0.2,2026-08-19
bfg_q22,bioscancast_baseline,2026-08-19,31 to 50,0.1,2026-08-19
bfg_q22,bioscancast_baseline,2026-08-19,51 to 79,0.05,2026-08-19
bfg_q22,bioscancast_baseline,2026-08-19,80 or more,0.05,2026-08-19
bfg_q23,bioscancast,2026-08-19,YES,0.9,2026-08-19
bfg_q23,bioscancast,2026-08-19,NO,0.1,2026-08-19
bfg_q23,bioscancast_baseline,2026-08-19,YES,0.6,2026-08-19
bfg_q23,bioscancast_baseline,2026-08-19,NO,0.4,2026-08-19
bfg_q24,bioscancast,2026-08-19,"under 250,000",0.1727816706853619,2026-08-19
bfg_q24,bioscancast,2026-08-19,"250,000 to 374,999",0.3005475107880602,2026-08-19
bfg_q24,bioscancast,2026-08-19,"375,000 to 524,999",0.2600985295155056,2026-08-19
bfg_q24,bioscancast,2026-08-19,"525,000 to 749,999",0.15667595857856126,2026-08-19
bfg_q24,bioscancast,2026-08-19,"750,000 or more",0.1098963304325111,2026-08-19
bfg_q24,bioscancast_baseline,2026-08-19,"under 250,000",0.4,2026-08-19
bfg_q24,bioscancast_baseline,2026-08-19,"250,000 to 374,999",0.3,2026-08-19
bfg_q24,bioscancast_baseline,2026-08-19,"375,000 to 524,999",0.15,2026-08-19
bfg_q24,bioscancast_baseline,2026-08-19,"525,000 to 749,999",0.1,2026-08-19
bfg_q24,bioscancast_baseline,2026-08-19,"750,000 or more",0.05,2026-08-19
bfg_q25,bioscancast,2026-08-19,"under 2,000",0.08014199458885023,2026-08-19
bfg_q25,bioscancast,2026-08-19,"2,000 to 2,999",0.1834793652649778,2026-08-19
bfg_q25,bioscancast,2026-08-19,"3,000 to 3,999",0.33654185007680576,2026-08-19
bfg_q25,bioscancast,2026-08-19,"4,000 to 5,499",0.24508429999605283,2026-08-19
bfg_q25,bioscancast,2026-08-19,"5,500 or more",0.15475249007331346,2026-08-19
bfg_q25,bioscancast_baseline,2026-08-19,"under 2,000",0.25,2026-08-19
bfg_q25,bioscancast_baseline,2026-08-19,"2,000 to 2,999",0.35,2026-08-19
bfg_q25,bioscancast_baseline,2026-08-19,"3,000 to 3,999",0.2,2026-08-19
bfg_q25,bioscancast_baseline,2026-08-19,"4,000 to 5,499",0.1,2026-08-19
bfg_q25,bioscancast_baseline,2026-08-19,"5,500 or more",0.1,2026-08-19
bfg_q1,bioscancast,2026-08-26,"under 2,500",0.10760953487770379,2026-08-26
bfg_q1,bioscancast,2026-08-26,"2,500 to 4,999",0.1927850574222864,2026-08-26
bfg_q1,bioscancast,2026-08-26,"5,000 to 9,999",0.3257905003978951,2026-08-26
bfg_q1,bioscancast,2026-08-26,"10,000 to 19,999",0.24112094018787525,2026-08-26
bfg_q1,bioscancast,2026-08-26,"20,000 or more",0.13269396711423945,2026-08-26
bfg_q1,bioscancast_baseline,2026-08-26,"under 2,500",0.25,2026-08-26
bfg_q1,bioscancast_baseline,2026-08-26,"2,500 to 4,999",0.35,2026-08-26
bfg_q1,bioscancast_baseline,2026-08-26,"5,000 to 9,999",0.2,2026-08-26
bfg_q1,bioscancast_baseline,2026-08-26,"10,000 to 19,999",0.1,2026-08-26
bfg_q1,bioscancast_baseline,2026-08-26,"20,000 or more",0.1,2026-08-26
bfg_q2,bioscancast,2026-08-26,under 750,0.00015390996586468446,2026-08-26
bfg_q2,bioscancast,2026-08-26,"750 to 1,499",0.0003201456302016009,2026-08-26
bfg_q2,bioscancast,2026-08-26,"1,500 to 2,999",0.0030909720748752497,2026-08-26
bfg_q2,bioscancast,2026-08-26,"3,000 to 4,999",0.9776350558069906,2026-08-26
bfg_q2,bioscancast,2026-08-26,"5,000 or more",0.018799916522067882,2026-08-26
bfg_q2,bioscancast_baseline,2026-08-26,under 750,0.2,2026-08-26
bfg_q2,bioscancast_baseline,2026-08-26,"750 to 1,499",0.3,2026-08-26
bfg_q2,bioscancast_baseline,2026-08-26,"1,500 to 2,999",0.25,2026-08-26
bfg_q2,bioscancast_baseline,2026-08-26,"3,000 to 4,999",0.15,2026-08-26
bfg_q2,bioscancast_baseline,2026-08-26,"5,000 or more",0.1,2026-08-26
bfg_q3,bioscancast,2026-08-26,YES,0.8006322871392494,2026-08-26
bfg_q3,bioscancast,2026-08-26,NO,0.19936771286075058,2026-08-26
bfg_q3,bioscancast_baseline,2026-08-26,YES,0.4,2026-08-26
bfg_q3,bioscancast_baseline,2026-08-26,NO,0.6,2026-08-26
bfg_q4,bioscancast,2026-08-26,exactly 1,0.9965680981341154,2026-08-26
bfg_q4,bioscancast,2026-08-26,2,0.0032444378994533835,2026-08-26
bfg_q4,bioscancast,2026-08-26,3,0.0001874639663763746,2026-08-26
bfg_q4,bioscancast,2026-08-26,4 or more,5.4814796296025965e-14,2026-08-26
bfg_q4,bioscancast_baseline,2026-08-26,exactly 1,0.4,2026-08-26
bfg_q4,bioscancast_baseline,2026-08-26,2,0.3,2026-08-26
bfg_q4,bioscancast_baseline,2026-08-26,3,0.2,2026-08-26
bfg_q4,bioscancast_baseline,2026-08-26,4 or more,0.1,2026-08-26
bfg_q5,bioscancast,2026-08-26,"trials ongoing, no efficacy results reported",0.2829462273259118,2026-08-26
bfg_q5,bioscancast,2026-08-26,interim efficacy results reported from any BVD vaccine or therapeutic trial,0.4009003107810285,2026-08-26
bfg_q5,bioscancast,2026-08-26,emergency use authorization or WHO emergency use listing granted for any BVD vaccine or therapeutic,0.2159283841978027,2026-08-26
bfg_q5,bioscancast,2026-08-26,vaccine or therapeutic deployed at scale in affected countries beyond the trials,0.10022507769525711,2026-08-26
bfg_q5,bioscancast_baseline,2026-08-26,"trials ongoing, no efficacy results reported",0.4,2026-08-26
bfg_q5,bioscancast_baseline,2026-08-26,interim efficacy results reported from any BVD vaccine or therapeutic trial,0.3,2026-08-26
bfg_q5,bioscancast_baseline,2026-08-26,emergency use authorization or WHO emergency use listing granted for any BVD vaccine or therapeutic,0.2,2026-08-26
bfg_q5,bioscancast_baseline,2026-08-26,vaccine or therapeutic deployed at scale in affected countries beyond the trials,0.1,2026-08-26
bfg_q6,bioscancast,2026-08-26,0 to 4,0.9996152217176851,2026-08-26
bfg_q6,bioscancast,2026-08-26,5 to 14,0.00037020247325143,2026-08-26
bfg_q6,bioscancast,2026-08-26,15 to 29,1.4575809024144398e-05,2026-08-26
bfg_q6,bioscancast,2026-08-26,30 to 59,2.233915987993784e-14,2026-08-26
bfg_q6,bioscancast,2026-08-26,60 or more,1.704796965416059e-14,2026-08-26
bfg_q6,bioscancast_baseline,2026-08-26,0 to 4,0.5,2026-08-26
bfg_q6,bioscancast_baseline,2026-08-26,5 to 14,0.3,2026-08-26
bfg_q6,bioscancast_baseline,2026-08-26,15 to 29,0.1,2026-08-26
bfg_q6,bioscancast_baseline,2026-08-26,30 to 59,0.05,2026-08-26
bfg_q6,bioscancast_baseline,2026-08-26,60 or more,0.05,2026-08-26
bfg_q7,bioscancast,2026-08-26,YES,0.0005492031154648506,2026-08-26
bfg_q7,bioscancast,2026-08-26,NO,0.9994507968845352,2026-08-26
bfg_q7,bioscancast_baseline,2026-08-26,YES,0.3,2026-08-26
bfg_q7,bioscancast_baseline,2026-08-26,NO,0.7,2026-08-26
bfg_q8,bioscancast,2026-08-26,H5N1,0.9994650269184162,2026-08-26
bfg_q8,bioscancast,2026-08-26,H5N5,6.833325062559848e-05,2026-08-26
bfg_q8,bioscancast,2026-08-26,Another H5Nx,0.0003581675570307136,2026-08-26
bfg_q8,bioscancast,2026-08-26,No human H5 cases reported in the period,0.00010847227392748162,2026-08-26
bfg_q8,bioscancast_baseline,2026-08-26,H5N1,0.6,2026-08-26
bfg_q8,bioscancast_baseline,2026-08-26,H5N5,0.2,2026-08-26
bfg_q8,bioscancast_baseline,2026-08-26,Another H5Nx,0.15,2026-08-26
bfg_q8,bioscancast_baseline,2026-08-26,No human H5 cases reported in the period,0.05,2026-08-26
bfg_q9,bioscancast,2026-08-26,exactly 20,0.07999999999999999,2026-08-26
bfg_q9,bioscancast,2026-08-26,21 to 23,0.2,2026-08-26
bfg_q9,bioscancast,2026-08-26,24 to 26,0.39,2026-08-26
bfg_q9,bioscancast,2026-08-26,27 or more,0.33,2026-08-26
bfg_q9,bioscancast_baseline,2026-08-26,exactly 20,0.15,2026-08-26
bfg_q9,bioscancast_baseline,2026-08-26,21 to 23,0.25,2026-08-26
bfg_q9,bioscancast_baseline,2026-08-26,24 to 26,0.3,2026-08-26
bfg_q9,bioscancast_baseline,2026-08-26,27 or more,0.3,2026-08-26
bfg_q10,bioscancast,2026-08-26,0,0.9839479253326907,2026-08-26
bfg_q10,bioscancast,2026-08-26,1,0.01592397656102466,2026-08-26
bfg_q10,bioscancast,2026-08-26,2 or more,0.00012809810628465872,2026-08-26
bfg_q10,bioscancast_baseline,2026-08-26,0,0.4,2026-08-26
bfg_q10,bioscancast_baseline,2026-08-26,1,0.3,2026-08-26
bfg_q10,bioscancast_baseline,2026-08-26,2 or more,0.3,2026-08-26
bfg_q11,bioscancast,2026-08-26,"under 200,000",0.09339567625151238,2026-08-26
bfg_q11,bioscancast,2026-08-26,"200,000 to 299,999",0.25151860601905646,2026-08-26
bfg_q11,bioscancast,2026-08-26,"300,000 to 449,999",0.3783850648703727,2026-08-26
bfg_q11,bioscancast,2026-08-26,"450,000 to 649,999",0.19427083531376374,2026-08-26
bfg_q11,bioscancast,2026-08-26,"650,000 or more",0.08242981754529467,2026-08-26
bfg_q11,bioscancast_baseline,2026-08-26,"under 200,000",0.4,2026-08-26
bfg_q11,bioscancast_baseline,2026-08-26,"200,000 to 299,999",0.3,2026-08-26
bfg_q11,bioscancast_baseline,2026-08-26,"300,000 to 449,999",0.2,2026-08-26
bfg_q11,bioscancast_baseline,2026-08-26,"450,000 to 649,999",0.05,2026-08-26
bfg_q11,bioscancast_baseline,2026-08-26,"650,000 or more",0.05,2026-08-26
bfg_q12,bioscancast,2026-08-26,YES,0.0009208134351231454,2026-08-26
bfg_q12,bioscancast,2026-08-26,NO,0.9990791865648768,2026-08-26
bfg_q12,bioscancast_baseline,2026-08-26,YES,0.3,2026-08-26
bfg_q12,bioscancast_baseline,2026-08-26,NO,0.7,2026-08-26
bfg_q13,bioscancast,2026-08-26,"under 3,000",0.18000221532109664,2026-08-26
bfg_q13,bioscancast,2026-08-26,"3,000 to 6,999",0.3213317707299403,2026-08-26
bfg_q13,bioscancast,2026-08-26,"7,000 to 11,999",0.26966957316930534,2026-08-26
bfg_q13,bioscancast,2026-08-26,"12,000 to 19,999",0.1496677651595054,2026-08-26
bfg_q13,bioscancast,2026-08-26,"20,000 or more",0.07932867562015222,2026-08-26
bfg_q13,bioscancast_baseline,2026-08-26,"under 3,000",0.25,2026-08-26
bfg_q13,bioscancast_baseline,2026-08-26,"3,000 to 6,999",0.35,2026-08-26
bfg_q13,bioscancast_baseline,2026-08-26,"7,000 to 11,999",0.2,2026-08-26
bfg_q13,bioscancast_baseline,2026-08-26,"12,000 to 19,999",0.1,2026-08-26
bfg_q13,bioscancast_baseline,2026-08-26,"20,000 or more",0.1,2026-08-26
bfg_q14,bioscancast,2026-08-26,"under 3,000",0.9969673562712825,2026-08-26
bfg_q14,bioscancast,2026-08-26,"3,000 to 3,999",0.003032632175645491,2026-08-26
bfg_q14,bioscancast,2026-08-26,"4,000 to 5,499",8.867470275062495e-09,2026-08-26
bfg_q14,bioscancast,2026-08-26,"5,500 to 7,999",2.6855438071904993e-09,2026-08-26
bfg_q14,bioscancast,2026-08-26,"8,000 or more",5.785828739811513e-14,2026-08-26
bfg_q14,bioscancast_baseline,2026-08-26,"under 3,000",0.4,2026-08-26
bfg_q14,bioscancast_baseline,2026-08-26,"3,000 to 3,999",0.3,2026-08-26
bfg_q14,bioscancast_baseline,2026-08-26,"4,000 to 5,499",0.15,2026-08-26
bfg_q14,bioscancast_baseline,2026-08-26,"5,500 to 7,999",0.1,2026-08-26
bfg_q14,bioscancast_baseline,2026-08-26,"8,000 or more",0.05,2026-08-26
bfg_q15,bioscancast,2026-08-26,YES,0.11612159523299385,2026-08-26
bfg_q15,bioscancast,2026-08-26,NO,0.8838784047670061,2026-08-26
bfg_q15,bioscancast_baseline,2026-08-26,YES,0.6,2026-08-26
bfg_q15,bioscancast_baseline,2026-08-26,NO,0.4,2026-08-26
bfg_q16,bioscancast,2026-08-26,0,0.9723565724664048,2026-08-26
bfg_q16,bioscancast,2026-08-26,1,0.01969878748148615,2026-08-26
bfg_q16,bioscancast,2026-08-26,2 to 3,0.007265600377135224,2026-08-26
bfg_q16,bioscancast,2026-08-26,4 to 6,0.0006790360176268726,2026-08-26
bfg_q16,bioscancast,2026-08-26,7 or more,3.657346880391103e-09,2026-08-26
bfg_q16,bioscancast_baseline,2026-08-26,0,0.6,2026-08-26
bfg_q16,bioscancast_baseline,2026-08-26,1,0.2,2026-08-26
bfg_q16,bioscancast_baseline,2026-08-26,2 to 3,0.1,2026-08-26
bfg_q16,bioscancast_baseline,2026-08-26,4 to 6,0.05,2026-08-26
bfg_q16,bioscancast_baseline,2026-08-26,7 or more,0.05,2026-08-26
bfg_q17,bioscancast,2026-08-26,"under 175,000",0.05000000000000001,2026-08-26
bfg_q17,bioscancast,2026-08-26,"175,000 to 274,999",0.12000000000000001,2026-08-26
bfg_q17,bioscancast,2026-08-26,"275,000 to 399,999",0.23000000000000004,2026-08-26
bfg_q17,bioscancast,2026-08-26,"400,000 to 599,999",0.3400000000000001,2026-08-26
bfg_q17,bioscancast,2026-08-26,"600,000 or more",0.26,2026-08-26
bfg_q17,bioscancast_baseline,2026-08-26,"under 175,000",0.15,2026-08-26
bfg_q17,bioscancast_baseline,2026-08-26,"175,000 to 274,999",0.25,2026-08-26
bfg_q17,bioscancast_baseline,2026-08-26,"275,000 to 399,999",0.25,2026-08-26
bfg_q17,bioscancast_baseline,2026-08-26,"400,000 to 599,999",0.2,2026-08-26
bfg_q17,bioscancast_baseline,2026-08-26,"600,000 or more",0.15,2026-08-26
bfg_q18,bioscancast,2026-08-26,under 1.5M,0.10440418688255967,2026-08-26
bfg_q18,bioscancast,2026-08-26,1.5M to 1.99M,0.20972824631751022,2026-08-26
bfg_q18,bioscancast,2026-08-26,2.0M to 2.99M,0.35941678603568195,2026-08-26
bfg_q18,bioscancast,2026-08-26,3.0M to 4.49M,0.20080619970630256,2026-08-26
bfg_q18,bioscancast,2026-08-26,4.5M or more,0.12564458105794568,2026-08-26
bfg_q18,bioscancast_baseline,2026-08-26,under 1.5M,0.25,2026-08-26
bfg_q18,bioscancast_baseline,2026-08-26,1.5M to 1.99M,0.3,2026-08-26
bfg_q18,bioscancast_baseline,2026-08-26,2.0M to 2.99M,0.2,2026-08-26
bfg_q18,bioscancast_baseline,2026-08-26,3.0M to 4.49M,0.15,2026-08-26
bfg_q18,bioscancast_baseline,2026-08-26,4.5M or more,0.1,2026-08-26
bfg_q19,bioscancast,2026-08-26,0,0.13191655133335717,2026-08-26
bfg_q19,bioscancast,2026-08-26,1,0.27774412503472695,2026-08-26
bfg_q19,bioscancast,2026-08-26,2 to 3,0.3683865875567689,2026-08-26
bfg_q19,bioscancast,2026-08-26,4 to 5,0.15100675513981165,2026-08-26
bfg_q19,bioscancast,2026-08-26,6 or more,0.07094598093533523,2026-08-26
bfg_q19,bioscancast_baseline,2026-08-26,0,0.4,2026-08-26
bfg_q19,bioscancast_baseline,2026-08-26,1,0.3,2026-08-26
bfg_q19,bioscancast_baseline,2026-08-26,2 to 3,0.2,2026-08-26
bfg_q19,bioscancast_baseline,2026-08-26,4 to 5,0.1,2026-08-26
bfg_q19,bioscancast_baseline,2026-08-26,6 or more,0.0,2026-08-26
bfg_q20,bioscancast,2026-08-26,8 or fewer,0.28006683420194955,2026-08-26
bfg_q20,bioscancast,2026-08-26,9 to 11,0.323376371093108,2026-08-26
bfg_q20,bioscancast,2026-08-26,12 to 14,0.22005251258724606,2026-08-26
bfg_q20,bioscancast,2026-08-26,15 to 17,0.12002864322940696,2026-08-26
bfg_q20,bioscancast,2026-08-26,18 or more,0.05647563888828941,2026-08-26
bfg_q20,bioscancast_baseline,2026-08-26,8 or fewer,0.25,2026-08-26
bfg_q20,bioscancast_baseline,2026-08-26,9 to 11,0.35,2026-08-26
bfg_q20,bioscancast_baseline,2026-08-26,12 to 14,0.2,2026-08-26
bfg_q20,bioscancast_baseline,2026-08-26,15 to 17,0.1,2026-08-26
bfg_q20,bioscancast_baseline,2026-08-26,18 or more,0.1,2026-08-26
bfg_q21,bioscancast,2026-08-26,YES,0.0173397655249323,2026-08-26
bfg_q21,bioscancast,2026-08-26,NO,0.9826602344750677,2026-08-26
bfg_q21,bioscancast_baseline,2026-08-26,YES,0.3,2026-08-26
bfg_q21,bioscancast_baseline,2026-08-26,NO,0.7,2026-08-26
bfg_q22,bioscancast,2026-08-26,15 or fewer,4.209407677007696e-06,2026-08-26
bfg_q22,bioscancast,2026-08-26,16 to 30,0.9467605163627291,2026-08-26
bfg_q22,bioscancast,2026-08-26,31 to 50,0.05323524971455184,2026-08-26
bfg_q22,bioscancast,2026-08-26,51 to 79,2.4515042098299466e-08,2026-08-26
bfg_q22,bioscancast,2026-08-26,80 or more,7.168241794846283e-18,2026-08-26
bfg_q22,bioscancast_baseline,2026-08-26,15 or fewer,0.6,2026-08-26
bfg_q22,bioscancast_baseline,2026-08-26,16 to 30,0.2,2026-08-26
bfg_q22,bioscancast_baseline,2026-08-26,31 to 50,0.1,2026-08-26
bfg_q22,bioscancast_baseline,2026-08-26,51 to 79,0.05,2026-08-26
bfg_q22,bioscancast_baseline,2026-08-26,80 or more,0.05,2026-08-26
bfg_q23,bioscancast,2026-08-26,YES,0.9095862910312248,2026-08-26
bfg_q23,bioscancast,2026-08-26,NO,0.09041370896877515,2026-08-26
bfg_q23,bioscancast_baseline,2026-08-26,YES,0.6,2026-08-26
bfg_q23,bioscancast_baseline,2026-08-26,NO,0.4,2026-08-26
bfg_q24,bioscancast,2026-08-26,"under 250,000",0.06429981871230685,2026-08-26
bfg_q24,bioscancast,2026-08-26,"250,000 to 374,999",0.11684052469750617,2026-08-26
bfg_q24,bioscancast,2026-08-26,"375,000 to 524,999",0.1685131965394704,2026-08-26
bfg_q24,bioscancast,2026-08-26,"525,000 to 749,999",0.21990228674743387,2026-08-26
bfg_q24,bioscancast,2026-08-26,"750,000 or more",0.43044417330328266,2026-08-26
bfg_q24,bioscancast_baseline,2026-08-26,"under 250,000",0.4,2026-08-26
bfg_q24,bioscancast_baseline,2026-08-26,"250,000 to 374,999",0.3,2026-08-26
bfg_q24,bioscancast_baseline,2026-08-26,"375,000 to 524,999",0.15,2026-08-26
bfg_q24,bioscancast_baseline,2026-08-26,"525,000 to 749,999",0.1,2026-08-26
bfg_q24,bioscancast_baseline,2026-08-26,"750,000 or more",0.05,2026-08-26
bfg_q25,bioscancast,2026-08-26,"under 2,000",0.08002509350135377,2026-08-26
bfg_q25,bioscancast,2026-08-26,"2,000 to 2,999",0.18005646037804604,2026-08-26
bfg_q25,bioscancast,2026-08-26,"3,000 to 3,999",0.33673903364081276,2026-08-26
bfg_q25,bioscancast,2026-08-26,"4,000 to 5,499",0.26337407497646287,2026-08-26
bfg_q25,bioscancast,2026-08-26,"5,500 or more",0.1398053375033247,2026-08-26
bfg_q25,bioscancast_baseline,2026-08-26,"under 2,000",0.25,2026-08-26
bfg_q25,bioscancast_baseline,2026-08-26,"2,000 to 2,999",0.35,2026-08-26
bfg_q25,bioscancast_baseline,2026-08-26,"3,000 to 3,999",0.2,2026-08-26
bfg_q25,bioscancast_baseline,2026-08-26,"4,000 to 5,499",0.1,2026-08-26
bfg_q25,bioscancast_baseline,2026-08-26,"5,500 or more",0.1,2026-08-26
